SET SQL_MODE = "NO_AUTO_VALUE_ON_ZERO";
SET time_zone = "+00:00"; 

--
-- Database: `D00161848_landmark` -- at dkit.hosting.acm.org user: lecjan pass: jankowski67
--
-- CREATE DATABASE IF NOT EXISTS `D00161848_landmark` DEFAULT CHARACTER SET utf8 COLLATE utf8_bin;

CREATE DATABASE IF NOT EXISTS `D00161848_landmark` DEFAULT CHARACTER SET utf8 COLLATE utf8_bin;
USE `D00161848_landmark`;

SET FOREIGN_KEY_CHECKS=0;

DROP TABLE IF EXISTS
            `ad`, 
            `app`, 
            `app_user`, 
            `global_credentials`, 
            `local_ad`, 
            `path`, 
            `pinpoint`, 
            `pinpoint_path`, 
            `tag`, 
            `tag_ad`, 
            `tour`, 
            `tour_tag`, 
            `user_apps`, 
            `user_tour`;

SET FOREIGN_KEY_CHECKS=1;


/* ----------------------------------------------------------------------- */
/* user */

CREATE TABLE IF NOT EXISTS `app` (
  `app_id` varchar(20) COLLATE utf8_bin NOT NULL,
  `app_title` varchar(20) COLLATE utf8_bin NOT NULL,
  `app_key` varchar(64) COLLATE utf8_bin NOT NULL,
  PRIMARY KEY (`app_id`)
) ENGINE=InnoDB DEFAULT CHARSET=utf8 COLLATE=utf8_bin;

CREATE TABLE IF NOT EXISTS `global_credentials` (
  `userID` varchar(64) COLLATE utf8_bin NOT NULL,
  `username` varchar(20) COLLATE utf8_bin NOT NULL,
  `firstname` varchar(20) COLLATE utf8_bin NOT NULL,
  `lastname` varchar(20) COLLATE utf8_bin NOT NULL,
  `addr_line1` varchar(50) COLLATE utf8_bin NOT NULL,
  `addr_line2` varchar(50) COLLATE utf8_bin DEFAULT NULL,
  `addr_line3` varchar(50) COLLATE utf8_bin DEFAULT NULL,
  `city` varchar(50) COLLATE utf8_bin NOT NULL,
  `region` varchar(50) COLLATE utf8_bin NOT NULL,
  `country` varchar(50) COLLATE utf8_bin NOT NULL,
  `phone` varchar(20) COLLATE utf8_bin DEFAULT NULL,
  `ph_consent` tinyint(1) DEFAULT '0',
  `email` varchar(50) COLLATE utf8_bin NOT NULL,
  `em_consent` tinyint(1) NOT NULL DEFAULT '1',
  PRIMARY KEY (`userID`),
  UNIQUE KEY `username` (`username`)
) ENGINE=InnoDB DEFAULT CHARSET=utf8 COLLATE=utf8_bin;

CREATE TABLE IF NOT EXISTS `user_apps` (
  `userID` varchar(64) COLLATE utf8_bin NOT NULL,
  `password` varchar(64) COLLATE utf8_bin NOT NULL,
  `app_id` varchar(20) COLLATE utf8_bin NOT NULL,
  PRIMARY KEY (`userID`),
  KEY `FK_USER_APPS_APP` (`app_id`),
  CONSTRAINT `user_apps_ibfk_1` FOREIGN KEY (`userID`) REFERENCES `global_credentials` (`userID`),
  CONSTRAINT `user_apps_ibfk_2` FOREIGN KEY (`app_id`) REFERENCES `app` (`app_id`)
) ENGINE=InnoDB DEFAULT CHARSET=utf8 COLLATE=utf8_bin;

CREATE TABLE IF NOT EXISTS `app_user` (
  `userID` varchar(64) COLLATE utf8_bin NOT NULL,
  `username` varchar(20) COLLATE utf8_bin NOT NULL,
  `acc_type` tinyint(1) NOT NULL DEFAULT '0',
  `geo_coordinates_lat` double NOT NULL,
  `geo_coordinates_lon` double NOT NULL,
  `geo_residence_lat` double DEFAULT NULL,
  `geo_residence_lon` double DEFAULT NULL,
  `online` boolean DEFAULT FALSE,
  PRIMARY KEY (`username`),
  CONSTRAINT `app_user_ibfk_1` FOREIGN KEY (`username`) REFERENCES `global_credentials` (`username`)
) ENGINE=InnoDB DEFAULT CHARSET=utf8 COLLATE=utf8_bin;

/* ----------------------------------------------------------------------- */
/* tour */

CREATE TABLE IF NOT EXISTS `pinpoint` (
  `pinpoint_id` bigint(20) NOT NULL AUTO_INCREMENT,
  `name` varchar(50) COLLATE utf8_bin NOT NULL,
  `description` text COLLATE utf8_bin,
  `kind` char(1) COLLATE utf8_bin NOT NULL DEFAULT 'L',
  `geo_location_lat` double NOT NULL,
  `geo_location_lon` double NOT NULL,
  PRIMARY KEY (`pinpoint_id`)
) ENGINE=InnoDB DEFAULT CHARSET=utf8 COLLATE=utf8_bin AUTO_INCREMENT=1 ;

CREATE TABLE IF NOT EXISTS `path` (
  `path_id` bigint(20) NOT NULL AUTO_INCREMENT,
  `name` varchar(20) COLLATE utf8_bin NOT NULL,
  `description` text COLLATE utf8_bin NOT NULL,
  `distance` int(4) NOT NULL DEFAULT '0',
  `kind` char(1) COLLATE utf8_bin NOT NULL DEFAULT 'W',
  `point_collection` multipoint DEFAULT NULL,
  `path_shape` linestring DEFAULT NULL,
  PRIMARY KEY (`path_id`)
) ENGINE=InnoDB DEFAULT CHARSET=utf8 COLLATE=utf8_bin AUTO_INCREMENT=1 ;

CREATE TABLE IF NOT EXISTS `pinpoint_path` (
  `path_id` bigint(20) NOT NULL,
  `pinpoint_id` bigint(20) NOT NULL,
  PRIMARY KEY (`pinpoint_id`,`path_id`),
  KEY `FK_PINPOINT_PATH_PATH` (`path_id`),
  CONSTRAINT `pinpoint_path_ibfk_1` FOREIGN KEY (`pinpoint_id`) REFERENCES `pinpoint` (`pinpoint_id`),
  CONSTRAINT `pinpoint_path_ibfk_2` FOREIGN KEY (`path_id`) REFERENCES `path` (`path_id`)
) ENGINE=InnoDB DEFAULT CHARSET=utf8 COLLATE=utf8_bin;

CREATE TABLE IF NOT EXISTS `tour` (
  `tour_id` bigint(20) NOT NULL AUTO_INCREMENT,
  `name` varchar(50) COLLATE utf8_bin NOT NULL,
  `description` text COLLATE utf8_bin NOT NULL,
  `country` varchar(50) COLLATE utf8_bin NOT NULL,
  `region` varchar(50) COLLATE utf8_bin NOT NULL,
  `start_pinpoint` bigint(20) DEFAULT NULL,
  PRIMARY KEY (`tour_id`),
  UNIQUE KEY `name` (`name`),
  KEY `FK_TOUR_START_PINPOINT` (`start_pinpoint`),
  CONSTRAINT `tour_ibfk_1` FOREIGN KEY (`start_pinpoint`) REFERENCES `pinpoint` (`pinpoint_id`)
) ENGINE=InnoDB DEFAULT CHARSET=utf8 COLLATE=utf8_bin AUTO_INCREMENT=1 ;

CREATE TABLE IF NOT EXISTS `user_tour` (
  `userID` varchar(64) COLLATE utf8_bin NOT NULL,
  `username` varchar(20) COLLATE utf8_bin NOT NULL,
  `tour_id` bigint(20) NOT NULL,
  `last_path_id` bigint(20) NOT NULL,
  `last_pinpoint_id` bigint(20) NOT NULL,
  PRIMARY KEY (`username`,`tour_id`),
  KEY `FK_USER_TOUR_TOUR` (`tour_id`),
  KEY `FK_USER_TOUR_PATH` (`last_path_id`),
  KEY `FK_USER_TOUR_PINPOINT` (`last_pinpoint_id`),
  CONSTRAINT `user_tour_ibfk_1` FOREIGN KEY (`username`) REFERENCES `app_user` (`username`),
  CONSTRAINT `user_tour_ibfk_2` FOREIGN KEY (`tour_id`) REFERENCES `tour` (`tour_id`),
  CONSTRAINT `user_tour_ibfk_3` FOREIGN KEY (`last_path_id`) REFERENCES `path` (`path_id`),
  CONSTRAINT `user_tour_ibfk_4` FOREIGN KEY (`last_pinpoint_id`) REFERENCES `pinpoint` (`pinpoint_id`)
) ENGINE=InnoDB DEFAULT CHARSET=utf8 COLLATE=utf8_bin;


/* ----------------------------------------------------------------------- */
/* advertisements and business */

CREATE TABLE IF NOT EXISTS `ad` (
  `ad_id` bigint(20) NOT NULL AUTO_INCREMENT,
  `link` text COLLATE utf8_bin NOT NULL,
  `image` blob NOT NULL,
  PRIMARY KEY (`ad_id`)
) ENGINE=InnoDB DEFAULT CHARSET=utf8 COLLATE=utf8_bin AUTO_INCREMENT=1 ;

CREATE TABLE IF NOT EXISTS `tag` (
  `tag_id` bigint(20) NOT NULL AUTO_INCREMENT,
  `name` varchar(20) COLLATE utf8_bin NOT NULL,
  PRIMARY KEY (`tag_id`),
  UNIQUE KEY `name` (`name`)
) ENGINE=InnoDB DEFAULT CHARSET=utf8 COLLATE=utf8_bin AUTO_INCREMENT=1 ;

CREATE TABLE IF NOT EXISTS `tag_ad` (
  `tag_id` bigint(20) NOT NULL,
  `ad_id` bigint(20) NOT NULL,
  PRIMARY KEY (`tag_id`,`ad_id`),
  KEY `FK_TAG_AD_AD` (`ad_id`),
  CONSTRAINT `tag_ad_ibfk_1` FOREIGN KEY (`tag_id`) REFERENCES `tag` (`tag_id`),
  CONSTRAINT `tag_ad_ibfk_2` FOREIGN KEY (`ad_id`) REFERENCES `ad` (`ad_id`)
) ENGINE=InnoDB DEFAULT CHARSET=utf8 COLLATE=utf8_bin;

CREATE TABLE IF NOT EXISTS `local_ad` (
  `pinpoint_id` bigint(20) NOT NULL,
  `ad_id` bigint(20) NOT NULL,
  PRIMARY KEY (`pinpoint_id`,`ad_id`),
  KEY `FK_AD_LOCAL_AD` (`ad_id`),
  CONSTRAINT `local_ad_ibfk_1` FOREIGN KEY (`pinpoint_id`) REFERENCES `pinpoint` (`pinpoint_id`),
  CONSTRAINT `local_ad_ibfk_2` FOREIGN KEY (`ad_id`) REFERENCES `ad` (`ad_id`)
) ENGINE=InnoDB DEFAULT CHARSET=utf8 COLLATE=utf8_bin;

/* ----------------------------------------------------------------------- */
/* tour linked to tags */

CREATE TABLE IF NOT EXISTS `tour_tag` (
  `tour_id` bigint(20) NOT NULL,
  `tag_id` bigint(20) NOT NULL,
  PRIMARY KEY (`tour_id`,`tag_id`),
  KEY `FK_TAG_TOUR_TAG` (`tag_id`),
  CONSTRAINT `tour_tag_ibfk_1` FOREIGN KEY (`tour_id`) REFERENCES `tour` (`tour_id`),
  CONSTRAINT `tour_tag_ibfk_2` FOREIGN KEY (`tag_id`) REFERENCES `tag` (`tag_id`)
) ENGINE=InnoDB DEFAULT CHARSET=utf8 COLLATE=utf8_bin;

/* ----------------------------------------------------------------------- */

/* user */
INSERT INTO `D00161848_landmark`.`app` (`app_id`, `app_title`, `app_key`) VALUES ('LAEX', 'Landmark Explorer', 'd870d380d2d5b14bf72b3d23fc9b7bda4d72154a9f8ac7a180893ab36108776e');
INSERT INTO `global_credentials` (`userID`, `username`, `firstname`, `lastname`, `addr_line1`, `addr_line2`, `addr_line3`, `city`, `region`, `country`, `phone`, `ph_consent`, `email`, `em_consent`) VALUES
('56044866c87e8645922e54db3f1d04b23e0947d6ff376f224a10b166d90011bd', 'privatePremium', 'Lech', 'Jankowski', '', '', '', '', '', '', '', 0, 'lecjan@wp.pl', 0),
('615c2da507e90b450834946d0371dfc4faa26d8ea50f504103f7b3d911c3dac3', 'adminSuper', 'Lech', 'Jankowski', 'Paderewskiego 4', 'Suchanino', '80-169', 'Gdansk', 'pomorskie', 'Poland', '0857870045', 1, 'lecjan@wp.pl', 0),
('6f16ae04747b3b9032c066b4695a8d6d49ece510030a077aef4e0912f3d121cb', 'adminBasic', 'Lech', 'Jankowski', 'Paderewskiego 4', 'Suchanino', '80-169', 'Gdansk', 'pomorskie', 'Poland', '0857870045', 1, 'lecjan@wp.pl', 0),
('8c3527806353d53e7977382f4b2a952b6871f87fbc2786660f86b836957b2188', 'adminPremium', 'Lech', 'Jankowski', 'Paderewskiego 4', 'Suchanino', '80-169', 'Gdansk', 'pomorskie', 'Poland', '0857870045', 1, 'lecjan@wp.pl', 0),
('a17893d72273a642db2da37e6640347aa41022085ad76f4d0913518791762c22', 'privateBasic', 'Lech', 'Jankowski', '', '', '', '', '', '', '', 0, 'lecjan@wp.pl', 0),
('bed00d334154e32d015393ef920a8e7af6463e54cfa65d16008c3d2e5808fdaf', 'lecjan', 'Lech', 'Jankowski', 'Charlestown House', NULL, NULL, 'Ardee', 'Co.Louth', 'Ireland', '0857870045', 1, 'lecjan@wp.pl', 1),
('d10b18d4be4bed9c376a0d25a6a11099a091230c2c0f9c07ad4a80316f4b9c91', 'commercialBasic', 'Lech', 'Jankowski', '', '', '', '', '', '', '', 0, 'lecjan@wp.pl', 0),
('df559d13b3d92d9f316e819b714b2519a88a055f899d1d13d8f5b8cc7b45a4f0', 'commercialPremium', 'Lech', 'Jankowski', '', '', '', '', '', '', '', 0, 'lecjan@wp.pl', 0);
INSERT INTO `user_apps` (`userID`, `password`, `app_id`) VALUES
('56044866c87e8645922e54db3f1d04b23e0947d6ff376f224a10b166d90011bd', '0ff291a540f2abefd7464a27d2354ddb9ee22dbd5ef14394397fe711f7473188', 'LAEX'),
('615c2da507e90b450834946d0371dfc4faa26d8ea50f504103f7b3d911c3dac3', 'a43c82ee021092a6d465a9638a6fdfb66adf13674cc90d7f840e3c372e8cceda', 'LAEX'),
('6f16ae04747b3b9032c066b4695a8d6d49ece510030a077aef4e0912f3d121cb', '5ffe9127b50ead764377098bfca04526f63dadadabbdf277bce6a0095a29739b', 'LAEX'),
('8c3527806353d53e7977382f4b2a952b6871f87fbc2786660f86b836957b2188', '04fc3d31ce6ff830b64e6decc5efb3aa98d8c9f5861b9dfca9799d5d7c52f601', 'LAEX'),
('a17893d72273a642db2da37e6640347aa41022085ad76f4d0913518791762c22', '07166888b81df2d60361387223f6ad372a146cbeed8821c3ad29f6a7bff12f93', 'LAEX'),
('bed00d334154e32d015393ef920a8e7af6463e54cfa65d16008c3d2e5808fdaf', '04c8cb1aed79661d2485eb498b72ebf95244b4b3319ad97ccf59b4f538f87f43', 'LAEX'),
('d10b18d4be4bed9c376a0d25a6a11099a091230c2c0f9c07ad4a80316f4b9c91', '3b4e5470c16146f899d860accf2e703352fd8575c4bd146c58cbc2aa33921134', 'LAEX'),
('df559d13b3d92d9f316e819b714b2519a88a055f899d1d13d8f5b8cc7b45a4f0', '69e3381dea38e000125ab57f72856af20736e33fafa38846932bef79a4d1833c', 'LAEX');
INSERT INTO `app_user` (`userID`, `username`, `acc_type`, `geo_coordinates_lat`, `geo_coordinates_lon`, `geo_residence_lat`, `geo_residence_lon`, `online`) VALUES
('6f16ae04747b3b9032c066b4695a8d6d49ece510030a077aef4e0912f3d121cb', 'adminBasic', 19, 0, 0, 0, 0, 0),
('8c3527806353d53e7977382f4b2a952b6871f87fbc2786660f86b836957b2188', 'adminPremium', 35, 0, 0, 0, 0, 0),
('615c2da507e90b450834946d0371dfc4faa26d8ea50f504103f7b3d911c3dac3', 'adminSuper', 51, 0, 0, 0, 0, 0),
('d10b18d4be4bed9c376a0d25a6a11099a091230c2c0f9c07ad4a80316f4b9c91', 'commercialBasic', 18, 0, 0, 0, 0, 0),
('df559d13b3d92d9f316e819b714b2519a88a055f899d1d13d8f5b8cc7b45a4f0', 'commercialPremium', 34, 0, 0, 0, 0, 1),
('bed00d334154e32d015393ef920a8e7af6463e54cfa65d16008c3d2e5808fdaf', 'lecjan', 51, 100, 123, 100, 123, 0),
('a17893d72273a642db2da37e6640347aa41022085ad76f4d0913518791762c22', 'privateBasic', 17, 0, 0, 0, 0, 0),
('56044866c87e8645922e54db3f1d04b23e0947d6ff376f224a10b166d90011bd', 'privatePremium', 33, 0, 0, 0, 0, 0);



/* tour */
INSERT INTO `D00161848_landmark`.`pinpoint` (`pinpoint_id`, `name`, `description`, `kind`, `geo_location_lat`, `geo_location_lon`) VALUES ('523452345', 'Carlingford', 'bgsfdghsfg', 'L', 160.0, 112.0);
INSERT INTO `D00161848_landmark`.`path` (`path_id`, `name`, `description`, `distance`, `kind`, `point_collection`, `path_shape`) VALUES ('87987987', 'yellow', 'yellow trail', '3', 'W', PointFromText('POINT(113 113)',0), PointFromText('MULTIPOINT(113 113,113 115,113 120)',0));
INSERT INTO `D00161848_landmark`.`pinpoint_path` (`path_id`, `pinpoint_id`) VALUES ('87987987', '523452345');
INSERT INTO `D00161848_landmark`.`tour` (`tour_id`, `name`, `description`, `country`, `region`, `start_pinpoint`) VALUES ('1', 'Cooleys', 'ewewwerqwe', 'Ireland', 'Co.Louth', '523452345');
INSERT INTO `D00161848_landmark`.`user_tour` (`userID`, `username`, `tour_id`, `last_path_id`, `last_pinpoint_id`) VALUES ('bed00d334154e32d015393ef920a8e7af6463e54cfa65d16008c3d2e5808fdaf', 'lecjan', '1', '87987987', '523452345');


/* advertisements and business */
INSERT INTO `D00161848_landmark`.`ad` (`ad_id`, `link`, `image`) VALUES ('20', '../GRAPHICS-LJ/advert1.jpg', 0xffd8ffe000104a46494600010200006400640000ffec00114475636b79000100040000005a0000ffee000e41646f62650064c000000001ffdb008400010101010101010101010201010102020201010202020202020202020302030303030203030404040404030505050505050707070707080808080808080808080101010102020205030305070504050708080808080808080808080808080808080808080808080808080808080808080808080808080808080808080808080808ffc000110800ec026603011100021101031101ffc401a20000000602030100000000000000000000070806050409030a0201000b0100000603010101000000000000000000060504030702080109000a0b100002010205020304060605050103066f010203041105062112000731411308512261147181329109a123f0c142b115d116e1f1523317246218433425820a1972532663924435a254b21a7336c2d227453746e2f28393a3b3645528c3d32938e3f3474856652a393a494a5758595a66747584856776776886879495a4a5b4b5c4c5d4d5e4e5f4f59697a6a7b6b7c6c7d6d7e6e7f6f7696a78797a88898a98999aa8a9aab8b9bac8c9cad8d9dae8e9eaf8f9fa1100010302030407060304030607070169010203110004210512310641f05161071322718191a1b1c10832d114e123f142155209163362d2722482c2929343177383a2b263253453e2b335264454644555270a84b418191a28292a363738393a464748494a565758595a65666768696a7475767778797a85868788898a9495969798999aa3a4a5a6a7a8a9aab5b6b7b8b9bac3c4c5c6c7c8c9cad3d4d5d6d7d8d9dae3e4e5e6e7e8e9eaf2f3f4f5f6f7f8f9faffda000c03010002110311003f00dfdee39ead4d7ae39eaf4d7ae39eaf4d7ae3dbcf457a6bd71cf457a6bd71ede7a2bd35eb8f6f3715e9af5f9aaf4d7ae39e8af4d7ae39eaf4d7ae3dbcf457a6bd71cf57a6bd71cf57a6bbb8e7abd35d5c7b79e8af4d7ae39e8af4d7ae3dbcf457a6bd71ede6e2bd35eb8e6abd35eb8f6f3d5e9aeefcf57a6bab8f6f3d15e9af5c73715e9af5c7b79a8af4d7ae3dbcf457a6bd71cf457a6bd71cf457a6bd71cf457a6bd7e7abd35eb8e7abd35eb8e7abd35eb8f6f3d15e9af5c7b79e8af4d7ae39eaf4d7ae3dbcf457a6bd71cf57a6bd71cf57a6bd71cf457a6bd71ede7a2bd35eb8e7abd35eb8e7abd35eb8e7abd35eb8e7a2bd35eb8f6f3d15b9af5c7b79e8ad4d7ae39e8af4d7ae39e8af4d777e7abd35d5c7b79eaf4d7ae3dbcf57a6bd71cf457a6bd71ede7a2bd35eb8f6f3d15e9af5c73d5e9af5c73d5e9af5c73d15e9af5c73d15e9af5c73715e9af5c73515e9af5c73d15e9af5c7b79e8adcd7ae39ead4d7ae39e8af4d7afcf57a6bd71cf57a6bd71cf57a6bd71cf57a6bd71cf457a6bd71ede7ab735eb8f6f3d15a9af5c7b79b8af4d777e6abd35d5c73d15e9af5c7b79e8af4d7ae39e8af4d7ae39eaf4d7771cf57a6b071caf57b9eaf57b9eaf57b9eaf57b9eaf57b9eaf57b9eaf57afcf57abdcf57abdcf57abdcf57abdcf57abdcf57abdcf57abd7f8f3d5eaf73d5eaf73d5eaf73d5eaf73d5eaf5f9eaf57b9eaf57b9eaf57b9eaf57b9eaf57b9eaf57b9eaf57b9eaf57b9eaf57b9eaf57b9eaf57b9eaf57aff1e7abd5ee7abd5ee7abd5ee7abd5ee7abd5ee7abd5ebf3d5eaf73d5eaf73d5eaf73d5eaf73d5eaf73d5eaf5f9eaf57b9eaf57afcf57abd73ede7abd5ee7abd5ee7abd5ee7abd5ee7abd5ee7abd5ee7abd5ee7abd5ee7abd5ebf3d5eaf73d5eaf5f9eaf57afcf57abdcf57abdcf57abdcf57abdcf57abdcf57abd7e7abd5ee7abd5ee7abd5ebf3d5eaf73d5eaf73d5eaf73d5eaf73d5eaf73d5eaf73d5eaf73d5eaf73d5eaf73d5eac5bb9eaac57b773d5b8af6fe7abd15eddcf57a2bdbb9ead457b77c39eade9af6ee7ab515eddcf56e2bdbb9ead457b7f3d5b8af6fe7ab515eddf0e7abda6bdbf9eadc57b773d5e8af6ee7ab515eddcf57b4d7b773d5e8af6ef873d5ed35eddcf57a2bdbf9eaf457b773d5e8af6ee7ab715eddf0e7ab5a6bdbf9eaf457b773d5e8af6fe7ab715eddcf57a2bdbb9eaf457b7f3d5a8af6ee7abd15eddcf57a2bdbbe1cf57b4d7b773d5e8af6ee7ab715eddcf57b4d7b7f3d5e8af6fe7abd15edff0e7abd15eddcf56b4d7b773d5ed35eddf0e7abda6bdbbe1cf56f4d7b773d5a8af6ee7abd15edfcf56e2bdbf9eaf457b7f3d5e8af6fe7abd15eddcf56a2bdbbe1cf57b4d7b7f3d5e8af6ee7abd15edfcf56e2bdbb9eaf457b773d5e8af6fe7ab515eddcf57b4d7b77c39eaf69af6fe7abd15eddcf56e2bdbf9eaf457b7fc39eaf457b7fc39eaf457b7f3d5e8af6ef873d5ad35eddcf57b4d7b7f3d5e8af6fe7abd15edfcf56e2bdbf9ead457b773d5ed35edfcf56e2bdbb9ead457b773d5e8af6ee7ab715eddcf56b4d7b773d5bd3586e3dbcb4556bd7f8f3d15ec6bd7f8f3d15ec6bd7f8f3d15eaf5c7b79e8af57aff001e7a2bd8d7aff1e7a2bd8d7ae3dbcf457abd71ede7a2bd5ebfc79e8af57afcf57abd71ede7a2bd5eb8f6f3d15ec6bd7f8f3d5eaf5fe3cf457abd71ede7a2bd8d7aff001e7a2bd5ebfc79e8af57aff1e7a2bd8d7ae3dbcf457abd71ede7a2bd5eb8f6f3d15ec6bd7f8f3515ec6bd7f8f3715eaf5c7b79e8af57ae3dbcf457abd71ede7a2bd8d7ae3dbcf457b1af5c7b79e8af57ae3dbcf457b1af5fe3cf457b1af5c7b79e8af635ebfc79e8af57aff1e7a2bd8d7ae0773dbbf3d15ec68a667cf585d34c9b5d55414932638f44c5269c5479313b29b1f28a47316008fb442a9f0246bcb06c9ad6aa58746bd4c74cbad7555783e5bc4fe4f3461f119eab2e541513342182b4b0b29b488a4806d622e2e05c73ca4115a0a9a3077f8f2b156c6bd71ede7a2bd15ebfc79e8af635eb8f6f3d15ec6bd7f8f3d15eaf6e1ede7a2bd8d7aff1e7a2bd5eb8f6f3d15ec6bd7f8f3d15ec6bd7f8f3d5eaf5fe3cf457b1af5fe3cf457abd71ede7a2bd5ebfc79a8af57ae3dbcdc57abd71ede7a2bd8d7aff001e7a2bd5ebfc79e8af57aff1e7a2bd8d7aff001e7a2bd5ddf9aaf5757f8f3715ec6bdb87b79e8ade35eb8f6f3d15ac6bd7f8f3515eaf5c7b79b8af635ebfc79e8af635eb8f6f3d15ec6bd7f8f3d15ec6bd71ede7a2bd5ebfc79e8af57aff001e7a2bd8d7aff1e7a2bd8d7aff001e7a2bd5ebfc79e8af635ebfc79e8af57ae3dbcf457abd7f8f3d15ec6bd7f8f3d5eaf5fe3cf457b1ac17e5eb535df3d5e9aeafcf57abbe7abd35d5f9eaf4d7afcf57a6bd7e7abd35ebfc79eaf4d7afcf57abd7e7abd35ebf3d5e9af5f9eaf4d7b9eaf57aff001e7abd35ee7abd5ee7abd5ee7abd35ebfc79eaf57b9eaf4d7afcf57abdcf57abd7e7abd35ee7abd35ebf375aaf5f9aadd7aff1e7abd35ebfc79eaf4d7aff001e7abd35ebfc79baf57afcd57a6bd7f8f3d5eaf5fe3cf57a6bdcf57a6bdcf57a680bf53b8f639963d3c75a33165c0e718c172e62b534ed10264448a959e575dbadd630cc2dece593b6b44d69df9a7d4e3334a5b12d5af725f8fcd3514adf463ea6b1e9bd63fa7cc3f2d554b575f8a663a6a7ada689daed86c91c9fcc37edddee2d289598916005cf6e5546ac2b728c2b3de5ac5a28e48b105a6f334433155427d82552d131f807278ce9abeaa57060c032b5d4ea181d08e6ab735ddfe3cdd7a6bd7f8f355e9af5f9eaf57afcf57a6bd7f8f3d5a9af73d5baf5f9eaf4d7b9eaf4d7afcf57a6bd7f8f3d5e9af73d5e9af73d5eaf5fe3cf57a6bdcf57abbe7abd35d5f9eaf4d7afcf57a6bbe7abd35d73d5eaf5fe3cf57a6bd7f8f3d5e9af5f9eaf4d7aff001e7abd35ebfc79eaf4d7b9ead4d7afcf56e6bdcf57a6bd7e7abd35ee7abd35ebf3d5eaf73d5e9aef9eaf4d757e7abd35ebfc79eaf4d7afcf57a6bd7f8f375e9af7355a9af73d5bac17f8f1caac8af5c73d35e9af5fe3cf57a6bd71cf4d7a6bd7e7a6bd35ebfc79eaf48af5fe3cf57a6bd7f8f3d35e9af5fe3cf57a6bd7f8f3d5e9af5fe3cd4d7a457afcdd7a6bd7f8f3535e915ebfc79baf4d7aff001e7abd22bd7f8f3535e9af5f9e9af4d7aff1e7abd22bd7f8f3d35e915ebfc79eaf48af5c73735e9af5f9eaf4d7afcd4d7a6bd7e6e6bd35ebfc79a9af4d7aff001e6e6bd35ebf3d5e9af5fe3cf57a457afcd4d7a6bd7e7a6bd35ebfc79e9af4d7ae39b9af4d7aff001e7abd35eb8e7a6bd341ce7accf1524072ed1530c5314c607cb9c3c2a49b84c87f47b5fdd2ceb72777baab776d000762bd35aebfa93ff84f9e299df32d4e67f4f7d7ba3e9f61f8e4b254625d3cc730fadada0c3249a43234787d652cbe71812fb51268cb587dbb1b0d135e114793f0ddfc21ba7be8531aabeaa66ecf6fd6aebc5752cb47459ada80619856074b52bb678f0ea469aa1fcd957dc92a2490b14baaaa0670da9adc8ab60c572665ac5e492a6a30e5a6ae92fbf12a666a5a8636b7bcf0152e3e0f71f0e6e6aa62920724e66c098c995b3279b1037141520407da7df811a127e982ff00eb737aabd5d7f5f31fc07ddcdb97a4a6857ede22aa16203dbe6c6d2c3aff00aef1fd1cf615ed54b2c333965dc556268310585e7b7951cc4465c9f0462763ff00c031e6ab7229517f8f3d5e915eb8e7a6bd35ebf3d5e9af5c73d35e9af5fe3cf57a457ae39e9af4d7afcd4d7a6bd71cdcd7a6bd7f8f3535e915ebf3735e9af5f9e9af4d7aff001e7a6bd35ebf3535e915ebfc79e9af48af5f9b9af4d7aff1e7abd22bd7e7abd22bd7f8f3535e915ebfc79baf4d7afcf4d7a6bd71cf4d7a6bd7e6a6bd35ebfc79baf4d7aff1e7a6bd35ebf3535e9af5fe3cdd7a6bd7f8f355e915ebfc79e9af48af5fe3cdd7a6bd71cf4d7a6bd7f8f3535e915ebf3735e9af5fe3cf57a457afcf4d7a6bd7f8f3535e915eddf1e7abd22a3df968ad4d7b773d15e9af5f9e8af4d7b773d15e9af5f9e8af4d7b71e7a2bd35ebf3d15ed55eddcf457a6bdbb9e8af4d757e7a2bdaabbddcf457a6bdbb9e8af4d7b773d15e9af6ee7a2bd35eddcf457a6bd7e7a2bdaabdbb9e8af4d7b773d15e9af6ee7a2bd35eddcf457a6bdbb9e8af4d7b773d15e9af6ee7a2bd35eddcf457a6bdbb9e8af4d7b71e7a2bd35eddcf457a6bdb8f3d15e9af6ee7a2bd35eddcf457a6bdbb9e8af4d7b773d15e9aeafcf457b5522f38e6e8b2ed28829ef3e2d55b56969914c8e0c8db12c8356766f7634fde3f0048f015a2aa8793329cd85b498ee3b69f32620adbeec24149148c1cc4affbcec4032b8fb47b7ba147366bd3420eee6a2b735ebf3d15e9af6ee7a2bd35eddcf457a6bdbb9e8af4d23713c87963136965141fcb2ae6bf995946c699dc9f1758fdc93fe862b7375ac2931fd53ce597fdecb78fae214c97db413da9df6fb06d592024fc238fe9e7abc2bb5ea2e258332c59bb01970db1b3566d11464f6d1d9de03ff45aff000e7b4d7b552e30dcd381e2be5ad2d7aacd2dbcba696f148dff0011592dbbe95b8e6a2b7aaa66298f60d824267c6316a7c2e102fe6544d1c42c3d9e611cf69af48a430eb374c7cef20671a5de4d81fd2ecff90f66dfcf9bd35ad6297b86e2f866334cb5b84e230e2548ff0066a2095254f6dae84ebcd456f55386ee7a2bd35eddcf457a6bdbb9e8af4d7afcf457a6bdbb9e8af4d757e7a2bdaabbddcf457a6bd7e7a2bd35eddcf457a6bdbb9e8af4d7b773d15e9af6e3cf457a6bd7e7a2bd35edc79e8af4d7b773d15e9af6ee7a2bd35edc79e8af4d7b773d15e9aeafcf457b5577bb9e8af4d7b773d15e9af6ee7a2bd35eddcf457a6bdbb9e8af4d7b773d15e9aeafcf457a6bbddcf457a6bdbb9e8af4d757e7a2bd35ebf3d15ed558371f6f1c8aacd7b71e7a2bd35edc7dbcf457a6bdb8fb79e8af4d7ae79e8af4d7b71f6f3d15e9af5cfb79e8af4d7ae7dbcf457a6bd73cf457a6bd73cf457a6bdb8fb79e8af4d7ae7dbcf457a6bd73cf457a6bd73cf457a6bdb8fb79e8af4d7b71f6f3d15e9af6e3ede7a2bd35eb9f6f3d15e9af6e3ede7a2bd35eb9f6f3d15e9af5cfb79e8af4d7b71e7a2bd35eb9f6f3d15e9af6e3ede7a2bd35eb9f6f3d15e9af5cfb79e8af4d7b71f6f3d15e9af5cfb79e8af4d7b71f6f3d15e9af5cfb79e8af4d7ae7dbcf457a6bd73ede7a2bd3496cd79aa972ce1ef512bab553a934d01b91dc2ee60baed048161a92428d4f3c057a693b93b2d56b551cdb99959b1aaadcd87d14962d46922ed2cf6d3cf75d0db445f7174dc5b6457a84bdc7dbcd457a6bdb8fb79e8af4d7b71f6f3d15e9af5cfb79e8af4d7ae79e8af4d7b71f6f3d15e9a818862d86e1509a8c5311830ea71de69e548974f8c840e7a2bd341fcfd5eca4f29a6c08d666eab17b53e15473550bff00cbcb2c7ff27737a6bdaa99f13cef9e5e0329cbd86649c3e5536c43306251862bff0078f4b737f817e7a05689a00b16c5fa7f0d44d518c67ba8c5a59d48a9c172ce1f1e1d44ed7bfbcefeeb1ff5af7e5a2b4692f59d50ca983472e2181f4f28601029f3b31e3d512620ea00fb4c67608b61feb5873da6bca50489380a01bfdbfba315999572555f59fa638ae3d2bf92b9464c47006919c9dbe5854a90771ed6dd7e31f986a63509f3a0e8df2ca4bddd7e61ad7d1ad33f1a1cf09cdd4f4f88263192a36c8d99c58cb82c72bcb85622ba36c5129ba16f056254f8106dc7e284734767a7b9e6933ee5d8317823f95ac898c38b61e4eb054201b86baed37ba9f67c6fca915b9a5cdcfb79a8af4d7ae79e8af4d7ae79e8af4d7ae79e8af4d7ae79e8af4d7b71f6f3d15e9af6e3ede7a2bd35edc7dbcf457a6bdb8fb79e8af4d7b71f6f3d15e9af6e3ede7a2bd35edc7dbcf457a6bd73ede7a2bd35eb9f6f3d15e9af5cfb79e8af4d7ae7dbcf457a6bd73ede7a2bd35edc7dbcf457a6bdb8f3d15e9af6e3ede7a2bd35edc79e8af4d7ae79e8af4d7ae79e8af4d7ae7dbcf457a6bdb8fb79e8af4d7ae7dbcf457a6bd73ede7a2bd35edc7dbcf457a6bdb8fb79e8af4d46ddf1e5e6ab35eddf1e7a6bd35eddf1fa39e9af4d7b77c79e9af4d7b77c79e9af4d7b77c79e9af4d7b77c79e9af4d7b77c79e9af4d7b77c79e9af4d7b77c79e9af4d7afcf4d7a6bdbbe3cf4d7a6bdbbe3cf4d7a457b77c79e9af4d7b77c79e9af4d7afcf4d7a6bdbbe3cf4d7a6bdbbe3cf4d7a457b77c79e9af4d7b77c79e9af4d7b77c79e9af4d7b77c79e9af4d7b77c7bf3d35e9af6ef8f3d35e9af6ebf8f3d35e9af6ef8f3d35e915eddf1e7a6bd35eddf1e7a6bd35eddf1e7a6bd35edc3dbcf4d7a6bdbbe3cf4d7a698b30661a2cbb87c95b59228601bc8859826e2abb892c7ecaa8d59bc07b4d81f4d6a4521b2ae03598ee2099cf33ab17661260386c8a536581db512236aa4027ca8cfd807737e918eddcd7a6856ddf1e6a6b722bdbbe3cf4d7a6bd71cf4d7a6a2d5e214587c2d515f5915153afda9e6912241f4b39039e9af48a0faabab99292634b85d6cf9a2b41b7c9e154d35735ffe2512ecfbdb9baf48a69aecf79de587e62972952e53a06bdb16cc388c54c07c4c14e5dbef61cf56a682ac6ba91402e330f57ea2b8ea24c232c50ac09f40aa9b79ff0093872d15e9a0c2afa95942899eb705e9ea6255308264c7f3055cb88c800fde6572516dff0012e6f4d7a709a27dd66fc4e7a1fd2b8aa2873f7a9acbd9564a50c0e54c0aa23abad5b774f97c0d6a6607c2cc47123b7cc236a84fb681b9c768992584879f4023803a8fb1326abaf32fe2db8266fa89e2f4fbe9cb3e75debdc910e65af8460384331ecc6a2abe6a42bff1255e01f3fed4f25cb47edde420f5a803ecc55eea8eaf7b76b75c8b2b771e3d27c29f6e27db140d63bea23f12beab7991d1e21923d30e0553f6528698e62c72343ff1ed59a98b77c46ce41fbc1f55994b322d92b74f50d23daac7fde68257bbff00bd379824b76c93d0352bda647c2820c5bd2cd7f526a0621ea23d41678eba5539dd2e195d8bcd438486f1094903b855f82b0e4219ff00d4e67975218421a1d26567df09ff0079a0a5de44f5e99bc7dc7ba8a881ecc63d29674be943d36526127058fa33824944cbb59e58249aa4e96bfcc4aed283f10fc8bdded5f7916ef786e9c9ea200ff4a069f753c9dd7cb8263bb4fcfdbb68fefa216c7f23c5993a373e62acccbd3ec169e2c43a5c712a892b310c169fcdf22ab0a351292f2d3465a39698b92c80ba5ca85e6707d3cf6bcf6f0b0bb5bb8fccb2019180524e131c08300c6188222a67ecaaf5d6c2ed14a2a6d2251264a44c14cf103029e8923a2ae4bd39e6478739e2184cd2fb998290b3293f6ea694ef0df4942f7e648a854c40d1dcddf1e526b735eddf1e7a6bd35eddcf4d7a457b773d35e9af6ef8f3d35e9af6ef8f3d35e9af6ef8f3d35e9af6ef8f3d35e9af6ef8f3d35e9af6ef8f3d35e915eddf1e7a6bd35eddf1e7a6bd35eddf1e7a6bd35eddf1e7a6bd35eddf1e7a6bd35eddf1e7a6bd5eddf1efcf4d7a6bdbbe3cf4d7a6bdbb9e9af4d7b77c79e9af4d7b77c79e9af4d7b77c79e9af48af6ef8f3d35e9af6ef8f3d35e9af6ef8f3d35e9af6ef8f3d35e9af6ef8f3d35e9af6ef8f3d35e9af6ef8f3d35e9a8dbbe3cbc56a6bdb873d15e9af6e1cf457a6bdbb9e8af4d7b70e7a2bd35eddf1e7a2bd26bdbbe3cf457a6bdbb9e8af4d7b77c79e8af4d7b773d15e9af6e1cf457a6bdb873d15e935edc39e8af4d7b77c79e8af4d7b77c79e8af4d7b773d15e9af6ee7a2bd26bdb873d15e935eddcf457a6bdbb9e8af4d7b773d15e935eddcf457a6bdbb9e8af4d7b773d15e9af6ee7a2bd35eddcf457a6bdbb9e8af4d7b773d15e9af6e1cf457a6bdbb9e8af49a6dc5b17a4c1a8a4adab7f71348e2046f91c8242adc81736f1d00b936009e7a2b5aa830c030babcf188c79af1f00e091b06c130e37d953b1b724a435bf40a45e3b8fd237be7ddd839e8af4d0b551574d49134f57511d3409f6e691d5147d25881cf456f5507f5dd59c8d4b33525262c71faf06c2830c865af909f65e9d5947d6dcde9ad6aa69abcf99cea6169f0cc8eb80d083ae2f8fd741408a3da6188c8ff98e7b4d7a4d05f8d751a34deb987abe8b6244983e58a10c7e81553f99fc4737a6b45541756f51725c52b54e179126ccf5b0dcff003acc35b35737d26205907de3960835b9268ac7583f11de90748e0a8a2cfdea232bf4e453037caf85d4d33d72dbf7452e162a6a81fa8712bb76c37f728505338df9ca2c27bf7d092384c9f6093eeaadccd7f8bd640cd3573c1d0ce8be7ef5198b124438dfc93e138516ec09aaaff3e50bf4c4380ecfbb48ca32d12fba947f8ca03ddb7dd51c5ef6ed624c59b2e3e7a634a7da64fb850298dfaa2fc48baa5be3c0302c8de98f03a9d166943e65c72353e3797cf83701ff001daf210de0faa7c9d890c6a74ff7a981ed547b81a09de768fbd177fdcd2ddb24ff009ca1ed91ee140f635e9c33bf54a4153ea2fd4ee78eb1f986f3e5f188be0f835fd8292999d42ffc442f210cff00ea8338b9916eda5b1d2a2567fd0a7dc68297994de5f19bdb971dea984fb367b22843c93e9c7a13d3bf29f2a74bb08a4ab86db713a8a715f577f6f9d5e66607e82390de75da367b98487ee16527803a47b13029fb3dddb2b7fb1b13d2713ed33436036458d4ed8d059231a2a8f600341c04918cf1a39a16729f423acd9ea996b72a74c71ac670f7178b124a09d295c7fab34aa91b1f806e0d325ece73ecc51aeded9c5a7a7498f69807db4696b925e3e250da88e98c3db495ce79033bf4ef125c233d654afca988ca0b53d3d7534b4fe7229b16899c059141d37212384f9f6ece6195bbddddb4b69476050227ac7023ac4d26bcb07edd5a5c4949eb1490b8f6f08e292450b1d0fc74605d4ccbaef26c831569282a7d96aa4da97ffa1817933fd3f67ffcbb7b2dc93097496cff009e207fbd69a146e6de77198a0f05784fafeb156999131cfeae672cb78c33f971d155c5f326f6fd0bb79727fc98c79d4e5270ac809ab410c0ea0f198ab4d7b70e7a2bd35eddf1e7a2bd35eddcf457a6bdbb9e8af4d7b77c79e8af4d7b773d15e9af6e1cf457a6bdbbe3cf457a6bdb873d15e9af6ee7a2bd35edc39e8af4d7b70e7a2bd35edc39e8af4d7b773d15e9af6e1cf457a6bdb873d15e9af6ee7a2bd35edc39e8af4d7b773d15e9af6ef8f3d15e9af6ee7a2bd35eddcf457a6bdbb9e8af4d7b773d15e9af6ee7a2bd26bdbb9e8af4d7b773d15e9af6ef8f3d15e9a8dbc7b78e45526bdbc7b79b8af4d75bc7b79e8add77bc7b79a8af4d7b78f6f3715a9af6e1ede7a2bd35ede3dbcf457a6bdbc7b79a8af4d7b78f6f3715e9af6f1ede6a2bd35d6f1ede6e2b75ede3dbcf456abdbc7b79e8add77b87b79e8ad4d7b78f6f3d15e9af6f1ede6a2bd35ede3dbcdc57a6bdbc7b79e8af4d7b78f6f3d15e9af6e1ede6a2bd35ede3dbcdc56e6bdbc7b79e8af57b78f6f3d15a9af6f1ede7a2bd35edc3dbcf457a6bdb87b79e8af4d7b78f6f3d15e9af6f1ede7a2bd358e5a88618de59a558628c5de4621540f69274e6a2bd3480c4baad90f0d98d28c79315ae06cb87d02495f316f65a955c03f491cde9af4d04f8c6239df38e211e21364b7a3cb74fb898317aa8f0e8192e0aa48a77398dadba4000dda2fd9041dc56a6a3635d449200f1e3fd5ba2c30268706cb5446ae4b7f8454cfe6053f773c135b2682cc43a85918ccd251650afcef5c86f1e29982be5a81f4f911974b7ddcb049ad6da2e1d5afc403a5fd1fa59e9b3df5cb29748e9e304ff0057e92a68a2aeb0f05a6a6f3ea89ff88af133d74cb7f71028399b6f865761ff00143c841e8244fb049f75569674fc60ba45982ba7a3e8f74ff3efa98c777158ab68b0da8a2c34b8f135589ee9157e3e470299deff00e5597a65f7128ff1884fc4c9f6546b7ddba65b3a6d5b71f3d4348f69c7fde680cc6fd5efe227d4edd1e4be9c64bf4d9824f7098862f3c998f1a443d8841be10c3d8d00e427bc1f543925bc864974ff007a9c3daad23d80d052efb4bde5bbfee2db76e9e93e257cc7fbcd0398ef42fabbd573e67a88f5679d7a9504bad4656c36a860182907bafcbd292857e845e41dbc1f5499adc48b669281d2a2547d8348f8d056f2c331beff008b2e9c707403a53ec187b852ab257a60f4ff00d3f314d97ba5f863d7446eb8ad7c6d8a5516ff0016faf32d8ffc440e4379d769fbc17f21db85849e09f00f6263df5ab3dd8b163ed6c4f49c7e343cc6238624a785160a78c5a3a745091a81e0156c07d5c012a5464e268f408114b7c8bd3acf3d4dc5a4c0f20e57accd38a431f9b514d4b11710c5b826f95cd9116ec05d8817e1feeeeeae639b3ddcd9b4a756049091b07493b00eb34b2cb2f7ee57a5a4951eaa5be48e89e3b987ad986743b35572e43cc7575b2d062151508b58b4b531d3bcea84534bb5cb950aa55ec4b0d6daf0ff0077fb3eb9bade04e53707b874a8a493e282013181833b0418c4634b2cf2671cbc16eb3a144c74c55a0e13f87bfa7be9f50a62fd57ea3d5e270c3fe5aa6aeb28f00c31b6ea6e096907fd17e65e597d31eece58df7b98dc2940715292d23f1ff7ba925adc3b0b74ea7d64f99091cfad14dc366e8bf4f7d7164a6e9a4d86e61e955657e1d4745023b625474d26234430b7fd356194b98e77f3449b8db4d790bda1c872ced099fc8143966548481f7a415a741c55330a3aa64f9d05dbfca5be749ee614d12074812238f41c6ac7fd63fa82ea17a7ac0323e64c95836158be1b8d57cf45983f99435723238856a20584d2d44014bac72ee2c1bb0b0e653f6e9da5669bb16cc3f6a86d685aca55ac28f094c42931202a66785483bdb9edc58210b6c02098333e910475d32fa83feabfa83f46f88f50e4c3169275c123cc98034aa249f0faba64134d123d949b857849000606f6edc41da60b4de6dc555e94c1ee83a99c4a5431201f6a49e231a673eeeeff00292ec7f0ea1d446dfc2b5fd3222f76b739ac104d4144d77062bfcbaa69aba9e42b5145247340c34b3c4e1d7f31c5b64e3b6ef25d460a410a1e60c8f8569177dda8286d067d956b985e33063385e1b8c533eea7c569e1a9848edb678c483f8f3b2b94e648bdb46ee11f6b894a87f9c01f9d6505abe1e692e0d8a00fb71ab55e9de3e331e47cb18c17df2d55244b52ddff004d10f264ff0093d0f1645299a5a6f1ede7a2bd35ede3dbcf456e6bdbc7b79a8ad4d7b78f6f3715b9af6f1ede7a2bd35d6f1ede7a2bd5def1ede7a2b535ede3dbcd457a6bdbc7b79b8af4d75bc7b79e8add77bc7b79e8ad4d7b78f6f3515e9aeb78f6f3715e9aef78f6f3d15e9af6f1ede6a2bd35ede3dbcdc57a6bdb87b79e8af57b78f6f3d15e9af6f1ede6a2bd35ede3dbcf457a6bdb87b79b8af57b70f6f3d15e9af6f1ede7a2bd35edc3dbcf457a6bdbc7b79e8af4d7b78f6f3d15e9af6f1ede7a2bd35edc3dbcf457a6a2eff873715aaf6ff873d15eaf6ff873d15eaf6ff873da6bd5edfcf69af635edff000e7a2bd5edff000e7a2bd5edff000e7a2bd5edff000e7b4d7abdbfe1cf457abdbfe1cf69af635edff0e7a2bd5edfcf457b1af6ff00873da6bd5edff0e7a2bd5edff0e7b4d7abdbfe1cf69af57b7fc39e8af57b7fc39e8af57b7fc39ed35eaf6ff873da6bd5edff000e7b4d7abdbfe1cf457abdbfe1cf457abdbfe1cf69af57b7fc39ed35eaf6ff00873d15ea48e77ceb86646c02a71cc44194a911d0d129b3d44ec0ed45efecb93e039b09af4d15acd198e185a0c53aa32cb9933156813615d33a795a0a1c3e2905e335652f77235dbab7b6fe16d35ac68b4754bd7174fba39473479d3aad943a2542a081850a9c3e92b0851d842cd25431ff0088a5f8c3cfb6dfdca0288f36de6cbac07f943c86fa8a84fb36fbaab333f7e30dd0ac5abe7c3fa6984679f53798958ac4983615589425fc2f538aec655f8ac2470359c6fb65b628d4f38948fef8848f79151a661db965293a6d92e3eafef5303da71f750078dfad2fc403a95ba2e9c743f29fa7cc167b8871accf5d263b8aa21fde14f0ec8c37c1a03c857783ea7321b590d28b87fbc493ef3a53f1a09de76a1bc573830cb6c0e951d47f0ff79a0731ee937a86ead863ea07d60e6ecd7433926a32865d74cb78458f74f2e902ab2f86b103c843783eaa3307a45b32123a56a27dc9d23de682778d66d7dff15ddb8a1d09f0a7d830f7539e4df49de9eb23489538574ce8b14c494ee38be2c64c5aa59fbee26b99d01fa147219cebb59de2bf90e5c29293c11081fef307da698b4dd6b06762013d271f8d185a6860a2a74a4a2a78e8a922168a921458a2503c0246028fa8723c756a5ab528927a4e27da68fd002440102847e9df4aba85d59c52a306e9de579f33e23468b256450b431a431bb6c56924a878d1013a5d987049bafb9999e74f16ac9a2ea86262040e9249007a9a31cbf2db8ba569693a88a839fba7d9bba5f9aabf2667ac1df03c7f0df2daa690b472a98e541223c7244cc8ea41d0ab117b8ee0f13ef2eec5ee4f78ab5bb4143a989181c0e20823023ac1aa5f58bd6ce96dc10a14723d45fa3ecb3d1ce8be58ea7e54cdf5d9c9f14aca24c4aa66869e9a97e4710a49278668e28f7b2fbeaaa6f2b7da1c9dbb51ec32d322c85acc2dde53da949049000d2a492080248c607dc76d0b73fdd46ed2cd2f21455244f4411b7934747d2ff45ba15d59f4c181c959d3cc323c673250d5e1b99f3025344f8a47594952f4fe7c75328778dcf969300a42ea2e2da7279ec87b3fdddceb7450556e8ef1c4a90b540d6149244851920e015861b30e142fddbc9ecaeb2d12812a0413c641db3efa297e9bf2f663f4cdeb4287a719a898e1cc31566130e2614a455f455886a68aa23049b8926a68d48b9dad75eea790b7657955d6e96fea6c6e36381489e0a4a84a143cd4903a8c8da282dbbec39976701a5f1913d20e20fa902b2fae0a3aae947aafca7d54c2e12bfcd1305c76265f743d661150b4b247ecb94a68cb7b776be3cbfd41db2f25df36b306c7dc1b73fce41823d8913e756df349b5cd12f0e30af5187c851edf597d20c7bd42748f2b274e68a2c6b1fa0c4e8f11c219a7829d64c3eaa9648a5224a974502d224875b9dba0274e645f6edb8973bcd92342c405ba95a549c4094a81071240e20f4e1850db7b72972fed53dd0950208f223935519d6bf4cfd4bf4dd8364dcdd9bb11a06971dab963a31874d3ccf43534c89511891e58635dcdef15da48f74ebcc2cdf9ec7b38dd8659b8b852256a31a093a48822490049c6227654559d6efdc65c84b8e1189e1c08abaeced943247aa8e82652a9cd78a498265bc7a9709cc72e2d4f2411bd26da5f9897dfa95744da923a33303b45efdb99f1bc3bbb61be1bbad7e61450d2c21d9100a709389903024127654c3796ace676292b309202a7a30ebf5a417a80e9d664cc5e95c74f7d35d4e1f5d97e968618529a1a9f999313c26846e6a7a3a8877a3cd2bc7ef3337bfef2deedc23ed0b74ae2e774bf2392949682408064a909fe149120a89189271c471a2fcff2f75ccafbab320a63a7681c01e93efad6eea71b31b3235d1d090e874208d2c6fce75a32d20c5638aee4d334f8effadc5cde5b495773565fe9af37ae63e9360d1b49bea72f4d5187540bea1627f362bffd0b9147d5ce8bf6099a9badd96904f8992a41f20653fef245648f673997e632a48e28253ecc47b8d5b4fa5dcc6310c9f8be06efba5c0ab0b46b7d443569bc7fc9e8fc98d49a1d519bdfcac57b1af6ff00873d15eaf6fe7b4d7b1af6ff00873d15eaf6ff00873da6bd5edff0e7b4d7abdbf9ed35ec6bdbfe1cf69af57b7fc39e8af57b7fc39ed35eaf6ff873d15eaf6f1ece7b4d7abdbf9e8af635edff000e7a2bd5edfcf457b1af6ff873da6bd5edff000e7b4d7b1af6ff00873da6bd5edff0e7b4d7abdbfe1cf457abdbfe1cf457abdbfe1cf69af57b7fc39ed35eaf6ff873da6bd5edff000e7a2bd5edff000e7a2bd5edff000e7a2bd5edff000e7b4d7aa2efe3ba6a95defe7b4d7abadfcf69af57b7f3da6bd35edfcf69af57b7f3da6bd8577bf9ed35eaf6fe7b4d7abadfcf69af4d7b7f3da6bd5defe7b4d7abdbf9ed35eaf6fe7b4d7abdbf9ed35eaeb7f3da6bd5edfcf69af57b7f3da6bd857b7f3da6bd5edff0e7b4d7abdbf9ed35ec2bbdfcf69af575bf9ed35eaf6fe7b4d7abbdff000e7b4d7abadfcf69af615deff873da6bd5d6fe7b4d7a8a475b33288f3f6150d4209e8727d0357c546df624ae95ed16e1d88b84fcf9609ad1aa2bf5f9d59eaf666cd7957d3a74af38d5644c533f61f5598fad3d56a62dfccf0fcbff00366821a4a270414a8ae99641bc10551342013c87bb66ed31bddacbc2e353ae184a7649eb3c00da4ede031350df6a7bc176168b0b6516cad254b50da133000e82a33d7879d118ca1e90bd3e651996bce438f376384efa9cc18f4d2e2d5334bdcc8e2a4f95b89d744e73f73ced8b78efc9d4f96d27823c3ef1e2f69a87adb752c1a33a751e9563fa7ba8c761f474184d2a50e134106174310023a2a68a3a78540f62421547ddc8d6e1e71e5ea71454ae92493ed347eda128109103aa867c99d06eb3f50a18eab27f4d317c6282600c38a0a47828dc1ff0d454f9711fa9b832c87b34cfb334eab6b671693c74c27fd3181efa38b4c8eedf12da14474c61ed38542ea17463aabd2914afd41c8d5d9669ab4eda4af9a35929647b16d827a76922df617dbbaf6f0e27de7ecff39c9a0deb0a6c2b6122413d1a8489ea99aa5fe4f736b1dea4a41f67b76508fe91720651ea8f5db2b64dcf3861c5f2e57c388cb578709e7a6f35a9a825a841be99e370372026cc2fc15f621bad639c6f1b56b769d6d282891244c24918820ed1d3461bab60cdcdea5b704a4cfb875558ff00abaf4b3d384e8762d8b74a325e1f97f1ee9acbfcc2b528204f99a9a210afcd453cbef48c522659c6f6360ba7dae654f6ddd8d65437796e65cca1b72d8ea3a462531e20a3b4c261789e1d75206f56ecdbfe48a98480a46386d8e33e98d122fc3ff3bff553d45609864b2f95479e686bb09a824fb824f2c6210e9ed3252aa03feb7b09e63e7d33e7bf92de94364c25f4a907ce350f7a401e740ddc5bceeb300382c11f31f0ab27f5a1e9e297ae39364c632bd3c72754f224067c2a9d36f9f5f40e5dda8dbb1f78a33404e9bc328b6e6232bfb7becb11bc3605db700de3025238a9267c07ce0947f7c08e26a43defc805eb3a91fdd51b3ac747e1d741e64e7ff3e7f87c62580480d4e3b96305aba0929482648eb72c4a2aa922d750cd1410ff00c856e063224ff68bb315327171b6d498e3a993291e64253eda4169fe5b9114ff00125247aa711ee02919f8636785c4329753ba7525518e4c1eb69b15c3c023784c460349314dd7b046a543dad76f89e127d2467257637364a31a14163fce1a4c79148f6d23ece2f829a71a9d841f6e1f2a15ba8d801f51790e2ce195218a9bd44fa72c6a689a8d6d1cb262d81d50926a53ff001cd6792b35335c804817b6fe0db7ab24fed465e2e580066797b87a895b664a7fc55c052384918fdd4679833fcc18ef1bff008a1957bd2711e4768fdf410fe24347499cba19d27eb260d131a6a3aa86ccca5244a0cc142b50a6406c46d929e35b1d416fa7817fa98ca5bccf23b5cc1b1824fae97120e3ea903ccd13f68a94bb62ddc27603ee50fd05190f4b59ff001dea2fa3dcaf89e57ad58f3ae118157e0d86543aacde4e2784c72d05233abdd5ae2389c83dc1d792976599b5c5f6e7365930fa1b5201db0a40294cf4ec49a10eec5faee3284a907c612523cc603e55afd7553d4a758fabe129ba959eeb73152524fe7c183388a9a8a1a8546883ad2d2a4510755765076dc0245f53cc17de6deece739f0debca70033a4c0483b2748004e244c71a80335de5bbbbc1e592070e13e430abb7fc3ef3450f57fd22d4644c664f994c026c6b2ce31193776a3ad43569707f77caadd8bff11b787333fb0c7d198eea7e51cc4235b67fc5563f0547a54d7d9fdda2f328ee95fc3a927c8e3f03145a7f0cceb062193fa89d4cf4b99c6b845574b555d5595e8e427dcc4f0b95a9712a68f75cfbe918942e80796e7b93c057d3de70e58ddbd94bc7612523fbe4e0b03cc098ea278d05fb32cecb572e58b8710491e63050f9fa1a26ff0088ef46a6e8af5e711c7b0da5f2325f55fcec6701755db1435ad20fe614c2d617495c48001609228f03c8fbb67dc5fe5b9ca9c40fd93f2b1d47f887a1c7c88a04f699949b0cc0a93f63be21e7fc43db8f91155d93e3635f7ff3e458dd85464bbd14773d10e7712e319eb264b3585653d3e2743193dde9dfe566b7fc0c89f773283e9cefbba75fb53b1402c798c0fb88f654d5d89e7414f3d6e4ed0143d303f115741e97b310c37a835183c925a1cc5472c68a4daf3d37fa421ff90438faf994e456424d5866fe574d6ebadfcde9af615edfcd69af57b7f3da6bd5edfcf69af57b7f3da6bd5defe7b4d7abdbf9ed35eaeb7f3da6bd5edfcf69af57b7fc39ed35eaf6fe7b4d7abbdfcf69af57b7fc39ed35eaf6fe7b4d7abdbf9ed35eaeb7f3da6bd5edfcf69af57b7fc39ed35eaf6ff873da6bd5edfcf69af577bf9ed35eaeb7f3da6bd5defe7b4d7abdbf9ed35eaeb7f3da6bd35defe7b4d7abdbf9ed35e9a8bbdbdbcb56abdbcfb79baf4d7b79f6f355e9af6f3ede6ebd5ede7dbcf56abdbcfb79eadcd7b79e7abd5ededede7abd5ede79aaf57b79f6f375e9af6f3ede7abd35ededede7abd5ede79aaf57b79f6f3d5e9af6f3ede6ebd5ede7dbcf56abdbcfb79aaf4d7b79f6f375baf6f3cd57abdbcf375e9af6f3ede7ab55ede7dbcf56ebdbcfb79aaf4d7b79e7abd5ede7dbcdd7a6bdbcfb79eaf57b79f6f3d5e9a245ea368e7a2ce30575ff00d1f1ba0882b7faf4f310c3eeda7ebe5856aaa6fd4ee50869b36607d41893fd2719c3a3c1abe4f861f533d6c1ff0095727ddcc27fac3cbdcff237ff0083c69f5f091ed13eca893b46cb807d0f8e2349f4248f89a2d1b8fb7984d151cc0a55e43cc699473be4fcd52d3a564397314a0ae9e91d1644963a5aa49991958104305208e1d6ee6662c73066e0890dad2a20e32124188eba5364f869e4af6e920fb0d6c15eac3aa79eba5bd1497a87d319a88d4515661df3d57534ff003310c36b18c01a350ea03196488026e3693a5c823a69db46f7e6393eef9bdb02994a9124891a1586188e2538e384f989d379f327adacfbd663023af03fac52262ced47ea2fd14665cdf9f30ca7a29b10c031a97140176d3c58860c6a047530f9858a812d3ac8a2e6c7ddd7c43ede7cdef4ee03973789092a69c27a029bd50a13318a411d1b31a462ed37f93a96e8025267cc4e23d44d55afa167b7aa9e968bebfefef4ff00c47310e61efd3aa7fe5f1b5ff74ff949751b6e5c7f336ffceff7d356e7967a8d4b47ea8fabdd18c6644969f386198563f80533a8d8f24786c585d6c2775f7178a08d80ed656e66fe51bc696f7baef2c7714bc8438907a4202163ae4049f206a52b7cc5233372dd5fc40287b003ee03d86a997abd97abbd2b7a984829209130fca78bd0e3b93e426e6a30b154b570a82df6b6ec685c9d0b2b78730737af761ddd2debf003a5a712e37d689d43cf6149e920d4419bb472bcc606c490a1e5323f0ab8bf50fd5cff0032b89f493ae30cad5fd3cc5ea4603d4358417df8662b17ced156a81a96a592272ba6ab232f7604672f687bce7267edb334e36ea3ddb91c50bf1217e6820c748511c6a5ade0cd85929bb9dad93a55e47107d3e7142a74ef24e1996b34e75cc59427a7ade9df5752971e4a68191e963c5648843533c5b6ead15742d0c82d71b918decca00a776f7759b4bb79eb7836d750e40d81644288e04389d27cc1e9146997d921b754b6e0b6e42baa789f25083e86a9efd25e2d27437d79664e94d5c869f0ec56a71fcb51b39f75a38a46c4685ec7c64f958c29efeffc4f313bb23b6390efbb968704a8b8dfa4ea49f5d223cea1fdd4b8fc967ca60ec2549f98f6c0f6d0a5d7feb1e2be8efd723e7a48a4a8e9df5830cc32ab3c60910f766853761b34b129b2fcc40f4de72f6bef2b701c9e0df7c33c7775b7d0dd2412c5ca525691c7f8491fdf023575c912268cb7873b564d9e779feb6e80543dc4f9889f58e347d3d4ae0380f587d26f5362ca73c18c6138e65f9b1ecab5b4b668aaa4a4031da7788af8ccf10fa771bf8f26ddfecb18cdb76de4b50a42d1ad247123c623cc8f7d0f379986ef32973bb820a7508e31e21edaaf2fc2cbafd93f2ce45eaf64ccfb9cb0dca185e035f458ce1b5f8ad75350d395c429da8ea02c954e8bee1a48c917fdefa790dfd3cef1dbda593ec3eb4a12950582a200f1083b7fc51eda8e7b2ade361b61d6dd5848490a049006220edf21eda15f1df567f86cf44ab313acca7806159c332d44934b5d3601979310aa924958b35abf1358622ac49d12723e1c173dbdfb9595ad4a65b4ad6649d08938ff007ca81ec551a5cef96ec582896c256afef5327da607beaa5fa09eb9f36fa5c7ea9d074af01a1c6705cf55904d81c58e8a890e1f151bd4ac4c62a29e3dd23c73287fd25aea3bf20bdcbdfbb9c87be4daa414b8411aa70898c01189071c785439907684ee53de0600295911aa7089e00ed838e3c28b3e3fd63cff009d3aad89f52f0ead9b09ea3e6cc524ad86a70113d1540c46ba42adf2a295bcc57919c8b29b927c6fc0dbf7575737e6e4129796a994c8327a231c682375bc370fdd97d24875467c38193d118e34a1eb5745fd4874df01c1ba93d6dc978be5fc3337540a5c371ac66a637ad9aa4c2d53e5cb14b33d4c6db158da545ec7c78759bee76696cd87eed0a01660151c49db8e323d6afbc393e6b68d87ee90a4a5660151c676e22647ad15d9f1cf6c9c286f2fa04b97f4327a65ea2a653ebb640ab967f2e8f17aa38557b1365f2f12434cb7fa24643f57246ecd1e3679cb4bd814749f2561f18a197663bc82d33e6093e15ab41ff3b0f8c55fce47cccf9633965ac78bec4c2eb607a9f6f93e605947d6848e665d677d5c12cbb806560cac2ea47620f3d5e9aef79f6f3d5aaf6f3cf56ebdbcfb79eaf4d7b79e7abd5ede79eaf57b79e6abd35ede79eaf57b79e7abd5ede7dbcdd7a6bdbcf3d5aaf6f3cd56e6bdbcf3d5eaf6f3ede6ebd35ede79a8af4d7b79f6f3d5eaf6f3ede6ebd5ede7dbcf56abdbdbdbcd56ebdbcfb79baf4d7b79f6f3d5e9af6f3cf57abdbcf3d5eaf6f3ede7abd35ede79aaf4d7b79f6f375eaf6f6e6abd5ededede7abd51777c78ec5526bdbbe3cf456e6bdbbe3cf456a6bdbbe3cf457a6bdbbe3cf457a6bdbbe3db9e8af4d7b77c79e8af4d7b77c79e8af4d7b773d15e9af6ef8f3d15e9af6ef8f3d15e9af6ef8f3d15b9af6ef8f3d15e9af6ef8f3d15a9af6ee7a2bd35eddf1e7a2bd35d6ef8f3d15b9aef77c79e8ad4d7b77c79e8adcd75bbe3cf456a6bbddcf457a6bdbb9e8af4d7b77c79e8af4d75bb9e8af4d77bbe3cf456e6bdbbe3cf456a6bdbbe3cf457a68b9fa91c1fe772a6178d22ee9306aad92bfb21aa5da7fe4f55e7a2bc6ab03afb832e31d35c5a645df5181490574446a42c6de549ff0026484fd5c823ea4777ff003dba8ea80953052e0f20615fef24fb2825beb69dee5ea3c5241fc7dd55e84dbb9b739911506d6269e35eefc712d28d50b8915b12f412b72bf5dfd26e4aa2ce947fcff03aac2530ccd187ee9c492b6093fcb6a695964dedf2cb20d8771b8b73a85d9d1b4de1dcc65bbb4eb6cb610b18e3dd98e18c9d20e18d4f391bad5f65690e094c41ff00370e18f09a4be5accfe97fd5374ff15e8374cf3a54e0f97f05a788d4658c2a39b06a934514a195d1710a6fd2c42520c9607de237fda174597dceeb6f5658aca6c9d28650078100a0e90786a4e22713b71fbb6e296daef2ccd1836cca88481b06063d4623a7df55edd37e8e637e9f7d7c74bfa7b8b568c5282a27a9aecb18d8529f39874f86d6a46eca6fb5d5a36470091b94dae083cc7bdd3ece5eddcdfdb7b659d4992a4aba5252a831c0e041eb1d151fe5d94aec33e6d95623120f48835643d63a5f4c3d39eb0e5eebc757ba84b95b3fe11429165ac3e5c4de3269a1f3e232c7434286a260c27746b8653daddf9939bd796eedd96728cd2f9dd17084c246a3b0489094f88cc907683b22a44ce3f965b5da6e6e17a5c03013c31e0313b68bb7e24bd33a0ea6744b2cf5eb25b262d2e4b8a1a99f1082e45665bc5423acabe2c22778e45d344673c047d40ee8b79ae54de62c788b40191c5b571f4307c89341ded232e4dcd8a6e9bc74633d293f8607ca6b9d0557fb44fe18736d3f3b8ee59cb7226cbee996b326546e417f179a1a25f890faea78a9963f9e767ba0e2b4371d72d1c3d484fbeb4dbbfcc77630c54947bd07e607be8bcfe1d5eb7f01cb38755f443acb9ae9b02cbf8647355f4fb37e255294f4d4b1a032cd87cd34c42aaf7780b1efb901d517816ec3bb4845ab46c2f161284c94294600e949278714fa8e8141aece77f5a6d26dae140246295130074827de3d9d1457fd5f75c7a7147eb3b04eb7f46f37d3672c3e866cbb8c6275542b3a44312c22548648374e91ac9be2a58c929753bac4df7701fda1e6d67fda84dfd9ac2c02851227ee4e118c4c848d9863e7411df3de2b54e742e6d9416069518e91c3d807563492f5cbeb57297aa9c47244996fa7f559453230c4238b1bacae866a9ae82bcc0c2378208b6c7e5982e0f9af7dc7b78fbb50df867785c6cb6d147773893248318401844749db45dbfdbfec66ca468414e89c49c4cc7003088e9345d701f585ea0f26f4fe9fa5f953ab38a65dc9344f52d498551c91412c42a8ee9112a510542a13721049b412480093c20cbb7b338b6b416ad3ca4b42600c36edc76c754c50599dfbcc98b70c36e292d89c075f5ed8f5a7cc77d1efa95cbbd1dc5baeb99fa7ef95fa7d84d353d5cd3e2157494f5ef4d5534704720a2690cea0b4aba3a29b1bdadc30576679a35626edc6f4b60038900c1eadbc78d3b75b9b9b35626edc6f4b40038900c1c366de3c6951d40f4931f49300f4a7d47cf5d418b1de99fa88acc3ff009e625844269e4c170eae4a2aa0c26ac0eaf3182a656b34602b4441bdf43dbbece459b76cf3abd4d3e44e911a4183b4f1827870a7f34dd0fc9356afbce6a66e08929c34830769e304f0e146f3ab1e893257a4cf54fe9bb334d83c9d46f4d39fb1cc3f2fe62831f10572d062b884670e515de5c50c6d1bb482a233b00ba329160bb87f98f66d6d9466cc39a7bcb55a824ea8304e18e0047118703432cf370edf25ce2d9c23bcb4714107541851c31d820fdc30e0450cde94bd3c651c8df8997aa1a5a8cbf00a6e9c517f3be9860c904294b4699a2582ad1e952caa9f2f1ccf4f1dac141234b0b09374f7498b6de5b83a44206a408c06a838790240a3adccddb62df7bae92523f66352046035c1c3c81291d155b59cf2b7af7f5c7d34cf9ea2b326292635d1bca1fcf31a83059f19a582828db0586792a29e8309a791e459a18834685e25671fbec4dc836eb2acef3a61572e19693262701132027a40c3649e9a87f306379b78ec9cbf59d56e8d4a8d42069064250319030c449e93554d518f77fd27e7c053797540cf6714d8b9aa7c3eaa9b10a39ca5661f2c75147203aacd0b8950e9ec651c3162c5485050da31f65169cf56dac2d27c49208f3188ad9bf2666ea4cef93b2a672a07125266ac368b10848d40f9ba74988fa8b11f5732fecae43cca5c1fc401f6d757721cd919858b5748fb5d4255fe9803573dd22cc9fd69e9ae4fc61a4f327928e386b1af7bcf4b7a5909fa5a3278a628da6847ddf1e7a2b535eddf1e7a2bd35eddf1fcf9e8af4d7b77c79e8af4d7b77c79e8af4d7b77c79e8af4d7b77c79e8af4d7b77c79e8af4d7b77c79e8adcd7b773d15a9af6ef8f3d15e9aeb70e7a2b735deef8f3d15a9af6ef8f3d15e9af6ee7a2bd35eddf1e7a2bd35d6ee7a2bd35deee7a2bd35eddf1e7a2bd35eddf1e7a2bd35d6ef8f3d15b9aef77c79e8af4d7b75bc6dcf457a6bdbbe3cf456a6bdbb9e8af4d75bb9e8af4d77bbe3cf457a6a26f1ede395a9af6f1ede7abd5def1ede7abd35d6f1ede7abd35ede3dbcf57a6bbde3dbcf57a6bade3dbcf57a6bdbc7b79eaf4d77bc7b79eaf4d7b78f6f3d5a9af6f1ede7ab735d6f1ede7ab55def1ede7ab735ede3dbcf57a6bade3dbcf57a6bdbc7b79ead4d77bc7b79eadcd7b78f6f3d5e9af6f1ede7abd35d6f1ede7ab535ede3dbcf56ebbde3dbcf57a6bdbc7b79eaf4d75bc7b79eaf4d7b78f6f3d5e9af6f1ede7abd5ede3dbcd57a691dd43c20661c9399b0951be5a8a491a996d7bcd08f3a3ff93907375eaab0c569a2c630cc4b099fde8714a79a9e51f09a331dfeabf0b737cad17d68e5b2c785d4a927fce047ce9ab9b70eb6a41d8a047b6aa0f11c467c3eaeae82a6e953412c905429ee2489cc6ddfe239c887b265b0ea9a588520949f3060d628bee290a293b418f65304d8d937f7b8fb763491573576ff00852751d719c8bd4ee9dd4546e9f2c6274d8a50464ebe46294e69dc2fc11e8ee7e2ff001e66f7d2f669360fda1fe05850f25083ef4fbea67ecb332ef1871a9fb483edfddefacbe9abd1df52fa67ead33c754312820c03a5f835663e99313e62292a314a5c49a44a7510c0ec6348924bb193692ca2ca41b855d9ef6457b96ef3bb78a0116e952f462254153180d8003c631180e35bddbdd0bab6cd96f2a12d02ad38e241d98708ebf65049ea27d4474d711fc427a20f1e67a0a4cb5d2268a8b38e7079e35a48aaddea6a2789a7fb25600ea8753672cbdc1e176faef3d9bbbeb6ca0a4845be0a54e1389227aa40f391447bc7bcb6cade267c4025ac14ae138ce3d5f19145a7f12ef50fd25eb3e7de9ed5f4a739c79be972ce1d59498e54c34d5b04514ef54b2a057ab8625901527de4b8d3bf027db86f05866f78d2ad57ac21241c08c6678813e9415ed4379acef2e10585eb09041c0f4f5813e941fe48fc493a9190ba074bd068b25e079af0ba6a4c430c9719c6be76abccc26bbcc1f2c60a69a9c1f2d6564562e46db0dba6a9f26ed5afed3271601b42d2014caa4f84ce1008d93031d9c28aacbb52b9b6cbff002ba12a1044aa4e0784023a68b474e7acdea44e57ace8ff0047b316669701c5aa67abadca19723ab92a279aae18e9a5b9c390ce52448954a6eda75d2e4dc3191e619c26dcda5aadcd04925289c49001d98e31b36504f2dde1cd3ba36d6ca594933a53338e1c31e1b3652b3a0de8e7aedea24e6ba8cad4786e55c1722d64d87e72c7b30e2030e8b0daea68c4b3433c0893552b229f789876820824106c71bb3d9966199ea28094250614546208da08c4fba956ef6e66659a6b2d8094a0c28a8c411b41189f750c1997d090e82e71e9ae61f535d41a46f4d79ce7a8a7c63ab5942aa5aa34151fcb6a2b695244a9a195ad3bc1b55a38a4041ee1ac08adcecac65efb6abd58fcaaf02b41983048da93b6380346d7bd9fff002d7db5dfb83f28b2415a0cc18246d49db1c01a35dd6ac85e827a0fe9168bae1d3be8ed5f57f01eaec75997f2ae7faaadaa7aba2abafa1ae862ad68f13b253b44f4cfb5929d59640a34247240cdb77f776c328170cb25d0eca42893209060e3b2238099a16ef0d96ee65b918bc65a2f25d94a54499048541c7641076266683ceb9e2392f31fa14f41fea8a8b2c52bd074931fc2693a87865052d341f330c53ae1f893c891aaa179ea7078fed77325fb1e359cdab2f6496776103f64a0140002782bda523db44dbc974c39bb76398848869690b000c71857b4a07b686ef5a3e9d7aa9eb968e87ae3e94faff45d42e9c55e0b4f0274a062f55474d24d133cd2085558d3ad449b97cc8aa9626565b3368140837cb762e73b8b8b4782dbd20689207e127883147dbffbaf7dbc68179965c071a290346a204f57093c42a088c4d16fc5e9b18eb07e0f599301c7b0e9e93a8de907355452637835544f1575249856225268a58dc064f22871765208ff007223b8e162ec5575bafddac78edd5b0ed107e4957ba81772e397fb82b4ac10f59b8410768d27107a212bf751c1cd3ea3f23e70e897a4ccc1d6cabf3fa17eb032c53e4fea6e6369562196f3b61f1a545062714cfb96365ac8ea95e5206c68e2909b4647064f664dbd6ac97f169f484a8ff454361f6ce3d40f0a1c5f6fa5b3f96d9b9787fc96f5b0dad5fd074629503c3c5aa4f0849e158bd56f56a0f45feb57d30fa86ea156f99923abb946bb2075a73052c0e218a7c36ae9f108f113047b8fbb2d4a35802de4a385048b17b397bf97e68d5cafed5a3428f9199e78533bfdbc6376b792d2fee0fec9f6cb4e1030052410a8f323af48314efd08e8d646f4f3d65eb5f59293d4d64fc5fd1075a307c5aae932856e6458e9f0bc4317ad82b24306f91a8de9fcb59e3f304ab2152aa5495dc5dca7276ecee5c7438936ce0384ec24cf946deba51bafbbf6b94662fde0bb69595be951d257824a88263f848891320c4083135a82e7638760b9bb3560980e38998b02c1f12aea5c1730c57f2abe929ea5e286a12e17dd951438d0687b721c72d1b42c8188076d73b334743770b436ad684a880ae900c03ea31a46c95c4df749f572c940e145654b35b077a04cdf5398bd31e4fa7ac767972bd562585c2e6fef53c354d3c36bf8059b6fd5c9b3716f7beb1d3c5b253f023dc6ba63f4d39caeef74da42b6b2a523d01d43dca8f4abdff47798a4afc9999702958b0c0ebd24a7ff00563ac841dbff002144c7ebe0c854f7346fb78f6f375e9af6f1ede7abd5ede3dbcf56abbde3dbcf57a6bdbc7b79eadcd75bc7b79eaf4d7b78f6f3d5a9af6f1ede7ab735def1ede7abd35d6f1ede7abd5def1ede7abd35d6f1ede7abd35def1ede7abd5ede3dbcf57a6bade3dbcf57abbde3dbcf57abdbc7b79eaf4d75bc7b79ead4d77bc7b79eadcd7b78f6f3d5e9af6f1ede7abd35d6f1ede7abd5def1ede7abd5ede3dbcf57a6bade3dbcf57abdbc7b79ead4d7b78f6f3d5e9a8dbfe1cbe9ad57b7fc39ed35eaf6ff00873da6bd5edff0e7b4d7abdbfe1cf69af57b7fc39ed35eaf6ff873da6bd5edff000e7b4d7abdbfe1cf69af57b7fc39ed35eaf6ff00873da6bd5edff0e7b4d7abdbfe1cf69af57b7fc39ed35eaf6ff873da6bd5edff000e7b4d7abdbfe1cf69af57b7fc39ed35eaf6ff00873da6bd5edff0e7b4d7abdbfe1cf69af57b7fc39ed35aaf6ff873da6b75edff000e7b4d7abdbfe1cf69af57b7fc39ed35eaf6ff00873da6bd5ede3d9a73da6bd55579ff000b396f3a666c142ed8e86b2614c3fe3976f363ff009318735b2b754d1ea3a90e56eaee6ba754f2a9b1768b12a403b6dac4def6fa240e39cf4ed8f7645a6f23f0212e10b1fe7093fef5358b3da131f95cd5c1c150a1ebfacd17d9b1bef76fcf91db7614025de50dfe9dbd57677f4c59bb1dce391e830fc66b71cc325c36ab0dc512a65a3daf510d4a4a52926a772e8d0d87be342478f240dc4de9bbc86e54f3012a2a4e921531b419c08d91d3d346fbbbbe6fe54f29c68024888331c0f023a2955d5cfc41fd54757307ada4c633dcd96728d631a7acc3300a618552b995598c2f530dea1c32020c6f310541b83af0539e768f9fe62d90b70a1b38420691e5231f4269dcebb4bcdaf104297a507084881e53b7d26a1f443d0bfa8ef50993a8ba8793308c330bc8f8ab4e984e66c5b15a7a586a9e9aa1a924091c027986d95192ed181706c79addbeca334cc980f36121b3b0a8c4c18e1276f5535906e1e6b99b01e682436660a9513063acedc365087d39f42989605ea6728f417d555657f4ff000cea1d1d749d3dcd3814f453d26355d43b246a686aeaa29523631eef75e2de18a029675244593f6545bcd136b984a12b07494904288e12461ea2766188a5d966e038de6c8b3cc096c380e929208511c013b3d44cc6188a329e897d2d74ef2e7ac6f527d09eb0e43a0ea0ff009b9a382bb23be334c2b237c365ad43054989af0399a9eaa12e190d9ae05acdc1aee16e1da319cdc5b5cb61cd0253a84e13818d98822684db81ba56cd67d73677280e776253a84e13818d988226854f4cbd4eeba66dfc32708aef4ad4d4f275c7a7f8c3e015749151e1934956b1e268745c44080491d0d74121796fa213e36e09b75aeaf97bb091651dfa15a760c71ebc27491b7a28cf74b3acc6e37442b2e00dc36ad3b0638f5e1212a064f45071e81e87aa581fa86f571e95fd50530a1cf1d78cb0730e6983ccc3e64a99ebd5e2ac78db0c269d9e68f17669047a5e33ece25dc4b0b96af6e6d2f3ef793a8ecc49dbb30c75631d144dd9a7e7519b5de5b988875f6f59d86676ecc2485e31d150fd4f74973e745ff0b48fa3d95b17a2ebca646cc5249d58ce18455d3d452656829b157c46686188b998f933ca892820320691dd51740a33bc81db5ddc16c821dd2af110704e33038e076fa93149f7db28bacbb72ff2cda85c776bfda29241088549006dc0900f1189200a053d34e25fed0ff847faa0e9293f37993a0b59578f65f857df921a1a731e6a5d8bfe295a0ae8c0035074d4f126416bf9bddb76dced6cc8f2fbbfc2a0aee7de7f37dc3bbb718aedc950f21e3f7c2c541f41f890f50ff86c7ad8f4e4e7f9863f90965cc59568ceb2133520c5e8e18c7b0d6e0cf723b1935ee38a3752d7f33923f6a76a711f11ef4fbe92765d79fce3736fec36adaf1a7d46a481fe720fb6933f86ef4117a58bd2cf5cd9d7d59658e93f49648f13971dca2f88cb4f88e231d24f5784c987d64550d044c1a48f7aaaf9ac7dd28bb8a91bdcddddfcb145e29d0846322713b441e4d177639bb3f920ce76fdeb6cdbf8a53a885182a4e920c0da2789d90260d42c9df899fa7ba7ea3fe22f067dc2f19a8e8e7a9e4687216198561d0cd59330c32a72fcd50d0d54d4a913d5c3224ede63821801f6afc5b6dbc56c1db8d60f76eec81d51efdb4932eedbf2817b9a07d2b36d7782025227ed282609006a0428c9dbd755c389fad3c4317f44381fa31c5b22438852e5accd2e62cb9d439310712d02c92cb37cb454620b5cb55546e90cba8948d82d760d9cda72f16a53202a41e8f4f53c78d432ff00692ebbbae9c9d6d8210e6b4ae766d30131d6ac678ece90c3ab9eb17aff00d70e9bf4efa4bd50cfef9a72274ae381326e172d161eb3c2d4f4ad44924b591c0b5333884ecfd24ac2c01b5f5e35779adcdc3496d6a94a766cf8eda26cff007fb38cd6c9ab4ba735b4cc69102440892a8d470c31268b14988017d6c385e1aa08a2d89acb414b8ce37208707c2ea71490f853c324a3eb28081f59e36fbad32256a09f334a91644d0c7917d3c75373ce2d45874583c9482a99434296a8abb13d8450960bf4bb281e3c294e7cdbcbeeed52a79c3b02418f53d1479936ecdd5f3e1ab7429c59d81224fe9e670ad84ba0bd33a6e8df4c300c931055a8a40f3e25b5b722cf28175dfa6edaaa016f1373cc84dc9c81ccbac021d32ea8952e366a3c0750103d2ba69d93ee2ab77f2445aae3bc24a971b351e03a6000278edab6ef43b86d43f4e7326789a364a2ced8b49fd5d622de6e1b86c62852517f092659994f8ad8f8f05e05493475b7fc396d35eaf6ff00873da6bd5edff0e7b4d7abdbfe1cf69af57b7fc39ed35eaf6ff873da6bd5edff000e7b4d7abdbfe1cf69af57b78f673da6bd5edff0e7b4d7abdbfe1cf69af57b7fc39ed35eaf6ff873da6bd5edff000e7b4d7abdbfe1cf69af57b7fc39ed35eaf6ff00873da6bd5edff0e7b4d7abdbfe1cf69af57b7fc39ed35eaf6ff873da6bd5edff000e7b4d6abdbfe1cf69add7b7fc39ed35eaf6ff00873da6bd5edff0e7b4d7abdbfe1cf69af545dfc722a95edfcdc57abdbf9e8af57b7f3515eaf6fe6e2bd857b7f3d15eaf6fe7a2bd5edfcd457abdbf9e8af57b7f3715e9af6fe7a2bd5edfcd457abdbf9e8af4d7b7f3d15eaf6fe7a2bd5edfcf457abbdfcdc57abadfcf457abdbf9e8af57b7f3515eaf6fe6e2bd5edfcf457abdbf9e8af57b7f3d15eaf6fe7a2bd5edfcd457abdbf9b8af615edfcd457a8827aa2c1ff0097677c3f1a45db0e60a35f31ac759e95bca6ff00930a72aa15baa54f5df851a37c839d214b2ceb558557bdbf7908ab82ff00519398cff5019085ad8ba038141ff7e1f3ac7bedcecf4166e071941f88f9d5714f8e35fedf31edbcbeb1d1cbe14cf3e39deefc5ade5f485cbf15b3ff0051f2265af50fe933237a67c3292929f3de21d2acb59eba3b2a04459f13c329a2827d8c0851bfe62189985fdd9d98f61ccbacc7276b31c9d16400d7dca568f3031f881fe71acb5cdac1acd325458263bd2c21c6fac8027db207f9c4d10cf483592f5e3f0d6f587d03a946a8ccdd2992a31dc0b0e6044f1aac2b8ed3408a6c55deaf0aa84f0fb641d2fc076e8da7e6f772e2d15f720ea1fefc07b527db518ee35d7f33dd2bcb3fe36654071d9a80f552143d694d87753732fa80fc25dbaad558bcd55d60f491996967cb39de472f5d1d56015d45511ca6672599930ec4954dc9dcc8a4dcebc3669c72fb76838a32f5ba810ae329220ffa53eea71bcf9dcd3714dd6a3dfd9ac42b8ca4a4ccff0088af522ac6bd36e64c03d45e6de86faddc994a915567dc8b8b64aeade17016228b14a5c468f158bcc5074104f475512bbeac92c5e04707d9268bc79bbf40c54d942bce41f7104791152c6e75f359c3f6f9c33feb8d29b700e0a04287b085093b42935549f83267ac6b32e0deaefd31c38f54e57ccb98f017c5328e214b512d2d66175a219b2fd655452c2c1d258e4aaa32ae84152a0837b580dd9a2141b7eda4a4a848e907613ef1503fd3ae72e5c22f72d0a285a91a924182938a1441db2094e2364507f923a31ea27f0fff0052be99bd4c7aaaea3615558767dcccd9673754cd982af15c42828f19c3a7a492a312a8ac8d53c88848d297595c298ee48e56c322bacaef5ab9b8503a8c1c64c11c49fc68932fc8338dd3ce6d331cd1d4e971cd0a959510140895122206d904c453c51fe20fe9e7d3efabbf5ad86bd554f5bbd29fa91a7f9e9e872fc4b2f998fd7d0247882aa623251a7973b555547348afef01191bad6e18379f5adadf3e3ef65dc70e9231db1b64cfa538df6bf94651bc37e99371617427c1fd323c5f7148832a04838e1b6ab27d38fae1ce7e91314eb853f47301c3732654eaf53ff2c6c3b35415351b30ea69ea453493458655d32b4e20a9746f7ca02c74234217ca739558958680295e18f47a71c6a11dcded36ef77dcb816694adb7c6987013e104c484918c1236c6345afa77d77eacf4753330e95f51f18e9ec99c29928f3254e0f5b3504f554b1b9916369a9d96400127ecb0efc416976fb13dda8a676c6140ec9378b31cbb5fe55d535ac42b492091d1231a091ebd471386e8a136c4d72a35c4f1694418561f3e2531ed1d3c524a7fe8d836e55d536d095900759a528b22684bcbfd13ea7e669e3829b03348f2d82c733179b5ff8e69c4b27e4384eade3b4d5a5b9715d0904d18d964ce3ebd0da4a95d00127d824d1a8c93f87cf5331ff00267c6e3a8a281ec58ca22c363b7d3526494fd518e1e5a64f9f5dff0071b7eed278b863ddb7dd52d643d836f25f410c16d278b8423dc7c5eea37d923f0eec8b831867cc58853cd3a58b24303d6c971ff1ed79da3ea8b825b5eca2fdec6eae60743623de63e1533e45f4aa70379720753699ff007a57f8346b72e7a77e916598a311659fe6c61b5a4ae95a58c5bc7ca4d910ff0090782dcb3b26c92dcc96fbc574ac957bb01eea98f23ec23762c60f73dea87170957bb04fba963559cfa7592e0f915c570ec1d53dd4c2e89632e4fb04548a4dfe91c1f5ad9b2c274b69094f40000f754b16397b16c8d0ca1284f424003dd14377487a0bd4cf5155f49262381d7f4d3a2a595f1acc75f1b5262f8e5386b9a7a081fde8e3900b34cc2d6fb373a7148134ac9aba5c1308c2b2e60f85e5fc0a823c2f05c129e1a4c270d8576c5053d3c6228e351ec5550072fa6a94e7bf9b8af615edfcf457abdbf9e8af57b7f3da6bd5edfcf457a6bdbf9a8af57b7f3715ec2bdbf9a8af57b7f3d15eaf6fe7a2bd5edfcf457abdbf9b8af57b7f3d15eaf6fe7a2bd5edfcf457abdbf9a8af57b7f3d15eaf6fe7a2bd5defe7a2bd5d6fe7a2bd35edfcdc57abdbf9e8af57b7f3d15eaf6fe6a2bd5edfcdc57b0af6fe7a2bd5defe7a2bd51771e6e2b535ede79e8af4d7b79e7a2bd5edcdede7a2bd35ede79e8af4d7b71e7a2bd35ede79e8af57b7b73d15e9af6f3cf457a6bdb8f3d15e9af6f3cf457abdbdb9e8af4d7b79e7a2bd35ededcf457abdb8f3d15e9af6f3cf457a6bdb8fb79e8af4d7b7b73d15eaf6f3cf457abdbcf3d15eaf6e6f6f3d15eaf6f6e7a2bd35ede79e8af57b71f6f3d15eaf6e6f6f3d15e9af6e3cf457a6bdb8f3d15e9af6e3ede7a2bd34593d53e0a6bf2150e391ade5cbd588646b7682a8792dff0027ece68a6b62a95fd61600f993a039ce6850c959957e5f18a5b0d40a396d35bfe84c8fc007699940bbc9d638a2143d36fb89a8c3b65cb7f31bbcea86d6a163fcd38ffbc9354433e3c75fd25873165bcbab005ecde996a31e3afbff009f1737975153d9b56d2b8e75ebd3a7a61e8b7e1b1d7deb2d2666aecd94fd3dc2306e9fb604d4ef4104188656c263c4a5c4629a783cc448e452a06f3b85c2ee008c904dcd9d9db5a3ee851525b0046cc52999acd1bddefc9f24cb72bbfbc0e173b94a51a62002846a2a122601ebf29a4ae0b8974cbd19fe2599df18cc39df03cb3e9f7d6264dadc7e8b18aeaea2a4c229b198a78ebe649659dd22db2da6784766152a8b73a1adbb0c65d9c294480d3e9271889dbf8c79d17317765bb9be8b538e213677ad158248090a904c93863891d3ac0155f9ea43d4e7a5df4e3e913397a28f4899f2afac35dd54c6ea314ea47525924870fa18259a94b414d23a279cef0d0c107b9bd360762fb885e07f31bdb2b4b055a5b28af59927870f9002a22df5df9c8f27dde7326ca5c2fa9e5952d7b001230078c84a538488933385139f485f893f5c3d1864fcff00933a758560d9970bced554d5d474d8ec75b514f85d7470b53cd3c1151d4531669e311870cd6fd1ae9dc128c8b78dfcbdb521b0085638f03e9ce151cf677db2e6bbb76ee336e12b4b841f1c9093b090011b444e3c05136cafd64ea4e40ccf8d673e9f678c5320667c7e2ab8312c6f04aeaac32a9a9ab6559e68566a5912408cca2e03780e143172eb6b2a412927a30a8eb2fceef6d1f53d6ee29b71520941293071224631487c7735e3798f11a9c6331635558f62f587755e2b5b512d554ca7daf24ecccc7e93c6d7a9665464d247d6ebeb2b709528f12493ed34cf4f25662328a7c3a966c4273da1822795bee8c13c6dc28409510075e15b45993421e07d1eea5e629a28a9b006a23291b054b8590dfd91462490ff00c83c277378ecd2ad29256ae8482697db656a715a520a95d0049f60c68d0649f409d53cc7e4cd8ac153494f25aecd1261f158ff00af5c779faa3e1bda65b9e5e7f70b629078b8748f6606a54c87b10de3be828b7525278ae103fdeb1f60a37b927f0e8ca585f933e66c4a9a4956c5e348e5c465bffc4aacc710faa33c13da76559a3f8dcdc840e86c7ccc7cea67c8be95df306f2e129ea402a3ed540f71a365963d34f48b2c451a47979b1968bfe52e53e4e9ff001cd308a3fbd4f05997764592b0752d25d574ad44fb840a98b23ec03766ce0a9b2f2ba56a247fa5103dc697f3665e9ce4280d2a5761796e341fef152ac09269ff001dd302c7eb1c1fd965d6d6a9d2d21281fde803e152de5b94dad9a345bb696d3d09484fc29e72f567503a805474bfa3f9973d472691e2c285b0fc3493d8fcdd76c8edf4f164d2f23a687bcb9e8f7d54e6fdb2660c572df48b0f92dba20d2e3b89a03feac5b69ee3fe5e73d06bd2287dcb9f87474daf1cfd4fea0e64ea854820c9432560c270d6b771f2f41ef807fe5ef3dddd6b5d1afc87d00e89f4c446d917a5f82e5fa98adb3128e8a296b74f6d4d409263f5bf2c102b5a8d0c3bcf3715aaf6f3cf457abdb8f3d15e9af6e3cf457abdbcf3d15eaf6e3cf457a6bdb8f3d15e9af6f3cf457abdb9bdbcf457abdb8f3d15e9af6e3cf457a6bdb8f3d15e9aeb71f6f3d15e9aef79e7a2bd35ede79e8af4d7b79e7a2bd35edc79e8af4d7b737b79e8af57b79e7a2bd5d6e6f6f3d15e9aef79e7a2bd35d6e3cf457a6bbdcdcf457abdbcf3d15e9af6e6f6f3d15eaf6f3cf457a6bdbcf3d15e9af6e6e7a2bd35edc79e8af4d45ddf1e3b1549af5fe3cf457a457b77c79e8af4d7b77c79e8af48af6ef8f3d15e915ebf3d15e9af6ef8f3d15e915eddf1e7a2bd35eddf1e7a2bd22bdbb9e8af4d7b77c79e8af48af6ef8f3d15e915eddf1e7a2bd35eddf1e7a2bd22bdbbe3cf457a6bdbbe3cf457a6bdbbe3cf457a457b77c79e8af4d7b77c79e8af48af6ef8f3d15e915eddf1e7a2bd22bdbbe3cf457a6bdbbe3df9e8af4d7b77c79e8af48af6ef8f3d15e9af6ef8f3d15e9af6ef8f3d15e915eddf1e7a2bd2291dd42c0ffacf91f34e0406f9710a29d6957bfe9d17cc8bfe4f51cf115e9154d58e61b4998706c632ee20bba8b1ea5a9a2ac46ede5d542d037e4dc4d70c075b2856c5023db8526beb26ee585b2bfb569293e4447ceb55dcc51e219731cc6b2dd7868ebf2f565550d6a1d08969276a76fcd398b4e65bdd2ca0ed4923d95c84cd0bd6d70b617f736a293e69241f8526e4c4246eef6faf974b291454a756aa14fa8dea2fabbd55c99d36e9ee7eceb2e3f92fa434430fe9d65e34f4504186d28862a7214d2c31b48c561405e42cc6da9e1a5c660fbcda50b32940803a28419bef5663985b356efb854d30210200091007002760c4c9a052a313795cc92cad2c86c0bbb163651b46a7d805b893413b688c32a51a8b14f535b30a7a2824ac9d8fbb0428d239ff0081404f3cb094095181d74fa2d09a5e60dd2aea3e3f24694d97e4a3135bcb6aa610335fd919bc87ea5e133fbc564d9d215a95d09127dd4ad9cbca950049e8e3465f257a12eab668f266afa7a9a7a692c4bac02922b1ff008f71131dfea8cf0d2ced339bcff89ed5401e2bf08f7c549b90f637bc37f05ab65049e2af00ff007a8f70a37792bf0e4cbb41e4cf9ab13a66916c5e33e76252ff00d1cf2211ff00209e0a2d3b2ece1fc6e1f4b63a1024fb4c7cea66c8be96af1706edf4a07420151f69d23e346d72afa5ee906578a38930697183181ee4f2086036ff008e68c42bf7df82bcbfb1ec9da3a9d0a795d2b51f8081531e47f4f5bb56905c429e57f7eac3fd2a607b6684dfe63d38e9f41e4c32e13951107f908569e194dbfd5886f63f57241b0ca6d2d13a5942503fbd007c2a5dca722b1b14e9b6690d8fef5207c05386018f669cfb208fa61d31cc9d45de6c310a3c366870f07b5daaaa42a28f89e2fd546c7ae879cb7e937d57672f2e4c562cb9d21c3a5d5fe6ea5f1ac4954fb23a30d05fe05c73d0aaaea143e65cfc3a727cbe5cdd54eabe63ea24d61e76194f3478261ac7b9061a4f324b7d128e7bbae9ad6ba34d90fd34740fa66629326f4ab07c32b21b14c565a55adae057c7e66bbce96fff0005cb06c554ae6873160001a01a003968ad48af6ef8f3d15e9af6ef8f3d15e915eddf1e7a2bd22bdbbe3f4f3d15e915eddf1e7a2bd35eddf1e7a2bd35eddf1e7a2bd35eddcf457a457b77c79e8af48af6ef8f3d15e915eddf1e7a2bd35eddf1e7a2bd22bdbbe3cf457a457b77c79e8af4d7aff1e7a2bd22bd7f8f3d15e915ebf3d15e915eddf1e7a2bd22bdbbe3cf457a6bdbbe3cf457a457b77c79e8af48af6ef8f3d15e9af6ef8f3d15e915eddf1e7a2bd22bdbbe3cf457a6bdbbe3cf457a457b77c79e8af48af6ef8f3d15e9af6ef8f3d15e9af6ef8f3d15e9af6ef8f3d15e9af5fe3cf457a4546ddf1e5e6b526bdbb9e9af4d7b773d35e935eddcf57a4d7b773d35e9af6ee7a6bd35eddf1e7a6bd35eddf1e6a6bd35eddcdcd7a6bdbbe3cf57a4d7b77c79a9af4d7b773735e935eddcf4d7a6bdbbe3cf57a6bdbbe3cf4d7a6bdbb9aaf4d7b773d5e9af6ee7abd35eddf1e6ebd26bdbbe3cf57a4d7b773d5e935eddcd57a6bdbb9b9af4d7b77c79eaf4d7b77c79aaf4d7b773735e9af6ee7a6bd35eddcf4d7a6bdbb9e9af49aa78eab608f953a8b9c30331f9315356caf489d87cbd41f9986dff0000e394ab8555027ae5f4d79af0cea5639d51c9f871c472de789455e234f1d94d3e22c8166176b2fe9186f00917b9b5f5b63f6fedb9b0be53ae021970c854600f14aba31c41d841eaae7b7d42767171639caef9099b77cea91b12bfe207a24e23a67a8d111c3fa61d45c5a6104396e4a42c6c24aa78e05bfc3712c7ea078077778ec51fc609e8189a80dbb1931b4d18ac95e887ab39b4433545254434d2589922a66863b1ff008ff1030afd614f17d9b79ade7fc4d6cb23fa4af08f7fe3522e41d9367d984162dd6527891a47b55146e7257e1c384d3795366bc4a9830b178e4926c424ff009053e5e11f9f05169d99e77718bef2191d081a8fb701efa99b23fa5dcc5c8374f21a1d09959ff423de68dbe52f4a5d21ca91471ae17362cc9fee6cc94901ff00a1544b15feb2782ab0ec732a41d4f95bcafef9587b047c6a61c8fe9d3776d60ba16fabfbe540f6263de4d0b512f4e3a7b05a08708ca48a3f7569e198fd63f48c7efe48396e4763642186d28f2001f6eda97f26ddacbb2f4c5ab286ff00c54807dbb7df52305cdb8a676a834bd36c89987a97524d8cb85e1752d4a0ff00af512aaa28f89e1a7793d747a678d0eb973d2f7ab2ce9e5495197f00e92e1b2ea67c5ab8e275e14f88830e1226ef8330e6fc46aba850f7973f0ecc22a8473755bacd8fe746ef36118608301c3c93dd4ac5e7c8c3e8753cf68e9ad1728cf643f4a7e9dfa6ed0cd95fa4f84a57c36db8bd6c2713acddfe21362267704dbf748e58200ad159a3088a91a2c71288e3400222801401a0000e5e6ab35cb77c79eaf4d7b773d35e9af6ee7abd35eddcf4d7a4d7b773d35e9af6ee6abd35eddcdcd7a6bdbb9a9af4d7b773735e935eddcf4d7a6bdbb9eaf4d7b773d35e9af6ef8f355e9af6ee7a6bd35eddcdcd7a6bdbb9e9af4d7b77c79aaf4d7b773735e935eddf1e7a6bd35eddcf4d7a6bdbb9eaf4d7b77355e9af6ef8f375e935eddcf4d7a6bdbbe3cf4d7a6bdbb9e9af4d7b773535e9af6ee6e6bd35eddcd4d7a6bdbb9baf49af6ef8f3d5e9af6ef8f3d35e935eddf1e7a6bd26bdbb9e9af4d7b77c79aaf4d7b773d5e9a8db87b78e45566bdb87b79e8af4d7b70f6f3d15e9af6e1ede7a2bd35edc3dbcf457a6bdb87b79e8af4d7b70f6f3d15e9af6e1ede7a2bd35edc3dbcf457abdb87b79e8af4d7b70f6f3d15e9af6e1ede7a2bd35edc3dbcf457a6bdb87b79e8af4d7b70f6f3d15eaf6e1ede7a2bd35edc3dbcf457abadc3dbcf457abbdc3dbcf457a6bdb87b79e8af4d7b70f6f3d15e9af6e1ede7a2bd35edc3dbcf457a6bdb87b79e8af4d7b70f6f3d15e9af6e1ede7a2bd35edc3dbcf457a6bdb87b79e8af4d7b70f6f3d15ea29bea6ba218b7506869b39e448629f3ce03098a7c16475863c628558c82012b691cf196630bb7ba6e55b420ad54835e06aad6a7336062b6bb2ce645feaf63b4a4c58be52c661f92ab8dbb15786ac00c3d845c1f0e2671b4ac14a8020f03f8579d650e24a5602927683883e629990f4d32a992be08f03c01db57ab8d686173f418c06fbb85f6991d95bab536d2107a42403f0a2ab0ddbcbad57a9965b42ba528483ed02bbc2f3dff5baa8d074f72b639d4bc401dbe4e0d85d554c60ff00ad2950aa3e27866553d7476678d0d9973d38fab1cf1e53c592707e96e1d36a2b71fc47e6aa82fb45361a2521bfd57b72da546aba850f7977f0f26aef2e6eab75cb19cc21b59b04c0a08303a4ff008897ff004891d7e3ee9e6c3278d6bbce8a32d917d1ff00a6de9ebc3538274af0dafc4a1d46318aabe31545ff00c5bf1269b6b7fc440e58340568acd191a7829a9208a9a9214a6a68005869e35544451d82aa8000fa3978aacd66dc3dbcf457a6bdb87b79e8af4d7b70f6f3d15e9af6e1ede7a2bd35edc3dbcf457a6bdb87b79e8af4d7b70f6f3d15e9af6e1ede7a2bd5edc3dbcf457a6bdb87b79e8af4d7b70f6f3d15e9af6e1ede7a2bd35edc3dbcf457a6bdb87b79e8af57b70f6f3d15e9af6e1ede7a2bd35edc3dbcf457a6bdb87b79e8af4d7b70f6f3d15e9af6e1ede7a2bd35edc3dbcf457a6bdb87b79e8af4d7b70f6f3d15e9af6e1ede7a2bd35edc3dbcf457abdb87b79e8af4d7b70f6f3d15e9af6e1ede7a2bd35edc3dbcf457a6bdb87b79e8af4d7b70f6f3d15e9af6e1ede7a2bd35edc3dbcf457a6bdb87b79e8ad4d7b70f6f3d15b9af6e1ede7a2bd35edc3dbcf457a6bdb87b79e8af4d7b70f6f3d15e9af6e1ede7a2b5351f70e3915a9af6e1cf457a6bdb873d15e9af6e1cf457a6bdb873d5e9af6e1cf457a6bdb873d15e9af6e1cf457a6bdb873715e9af6e1cd457a6bdb873d15e9af6e1cf457a6bdb873715e9af6e1cd457a6bdb873d15e9af6e1cf457a6bdb873d15e9af6e1cf457a6bdb873715e9af6e1cd457a6bdb873d15e9af6e1cf457a6bdb873d15e9af6e1cdc57a6bdb873515e9af6e1cf457a6bdb873d15e9af6e1cf457a6bdb873d15e9af6e1cf457a69079dfa63d37ea55347499ff0023e159c21845a9ce21454f52f10bdff46f22964ff81239a2806bda8d061827a49f4cf97ab9311c33a2b808ab8db74724f462b155878aad619547d43950d26ac5c34602868a830ba58a870da2870fa2805a0a382348a2403c15230001f40e5e2ab352f70e7a2bd35edc39e8af4d7b70e7a2bd35edc39e8af4d7b70e7a2bd35edc39e8af4d7b70e7a2bd35edc39e8af4d7b70e6e2bd35edc39a8af4d7b70e7a2bd35edc39e8af4d7b70e7a2bd35edc39e8af4d7b70e7a2bd35edc39e8af4d7b70e7a2bd35edc39e8af4d7b70e7a2bd35edc39e8af4d7b70e7a2bd35edc39e8af4d7b70e7a2bd35edc39e8af4d7b70e7a2bd35edc39b8af4d7b70e7a2bd35edc39a8af4d7b70e7a2bd35edc39e8af4d7b70e7a2bd35edc39e8af4d7b70e7a2bd35edc39e8af4d7b70e6e2bd35edc39a8af4d7b70e7a2bd35edc39e8af4d7b70e7a2bd35edc39e8af4d7b70e7a2bd35edc39b8af4d7b70e6a2bd35edc39e8af4d47ddf1e6eb526bdbbe3cf457a4d7b75bc79e8af49af6ef8f3d5e935eddcf457a4d75bbe3cf457a4d77bbe3cf57a4d7b77c79eaf49af6ef8f3d15e935eddf1e7a2bd26bdbbe3cf57a4d7b77c79eaf49aeb77c79e8af49aef77c79eaf49af6ef8f3d5e935eddf1e7abd26bdbbe3cf457a4d7b77c79e8af49af6ef8f3d15e935eddf1e7a2bd26bdbbe3cf457a4d7b77c79eaf49af6ef8f3d15e935eddf1e7a2bd26bdbbe3cf57a4d7b77c79e8af49af6ef8f3d15e935d6e02e49b5b9e8af49a8d2d752c3732542adbe3cf57b1a69a8cd184d303bea01b7b2dcd57a4d3055751306a7bd8eeb7c473d35e24d272ababf85c17da8a6dfeb73535ec693755d73a38afb047cf6aade349da9f5091477b3a2fd439ed46bc01a4fd4fa8fd84eda841f7735aab78d32cfea69d2ff00e98a2dec239ed55e20d35cbea824d7fd3c7dfcd6aad41a86dea8e5b91fcc05bfe25cd6aadc1ae1fed4727fd34bf3e7b5d7a0d655f54529ef880ff90b9ed55e8353e2f53f2136f9f07e17e6c2ab441a7583d4bbbffc8e29fac737aab7069f29bd4607b6e9d0ff00c83cf6aad634a0a6f5010c9f68c6dededcf4d7b1a51d2f5ba865b6f5437ee0737aabc669474bd59c267b02aa2ffeb73735a934a3a6cfd83545bdfdb7f88e7abd8d3ec19870ba81ee5481f4f3d5ec69d23aa825b79732bdfb588e6ebd26b36ef8f3d15e935ebfc79e8af49af6ef8f3d5e935eddcf457a4d7b77c79eaf49af6ef8f3d15e935eddf1e7abd26bdbbe3cf57a4d7aff001e7abd26bdbbe3cf57a4d7b77c79eaf49af6ef8f3d15e935eddf1e7abd26bdbbe3cf457a4d7b77c79e8af49af6ef8f3d5e935eddf1e7a2bd26bdbbe3cf457a4d7b77c79e8af49af6ef8f3d15e935eddf1e7a2bd26bd7f8f3d15e935eddf1e7abd26bdbbe3cf57a4d7b77c79e8af49af6ef8f3d15e935eddf1e7a2bd26bdbbe3cf457a4d47bfc78e5566bd7f8f3d5eaf5fe3cf57a6bd7f8f3d5eaf5fe3cf57abd7f8f3d5e9af5fe3cf57abd7f8f3d5e9af5fe3cf57a6bbe7abd5d5fe3cf457a6bd7f8f3d5e9aeeff1e7abd35d5fe3cf57a6bbbf3d5e9aeaff001e7abd35ebfc79eaf4d7aff1e7abd35ebfc79eaf57aff1e7abd35ebf3d5eaf5fe3cf57a6bbbf3d5e9aeaff001e7abd35ddf9eaf57b9eaf4d7449b1b77f0e7abd3498c51abf6b6dbfc2dcd1af4d0678b3e2367fb57faf9aaf4d0698abe25a9bb78dfbf346bd341ce26f89dceac4f8f7bf2866ad341e625262a7710589fafbf375ba0fb129318f7ac5fe1df953356a406232e3766377fcf9535a9a4357cb8ffbd6dff0e7ab748bae9b327bdb77fc0ebcd56a927593e6bb304de7d9dff67358d6e693b513e76bfb81fe02e7952555bc2a18a8cf77ecc7eb6e7a555e8a73a79f3a69bc3fc3ed73609af48a52d24f9a491bb7fe7cde35aa5750cd98ee376ffcf96ad4d2db0f971eb8beff00cf9eadcd2ef0e971abaeafe1ede6c56a697f86498bfbb72f6faf9615ea10b0c9314ba8bb6bf4f3c6b5421e172625eeeadf1efcd89aacd08f85498959356b9ee35e5c5789a1330a7c46e9ab7c79ead79d09387355d97cdbec3defcd8af4d3c5f9baf4d757f8f3d5eaf5fe3cf457a6bd7e7abd35ebf3d5e9af73d5e9aeefcf57a6babfc79e8af4d7aff1e7abd35ebfc79e8af4d77cf57a6babfc79eaf4d7afcf57abd7e7abd35ebfc79eaf4d777f8f3d5e9af5f9eaf4d757f8f3d5e9af5fe3cf57a6bbe7abd35d5fe3cf57abd7f8f3d5eaf5fe3cf457a6bbbfc79eaf4d7b9eaf4d7b9eaf4d7b9eaf547e39559af5f9eaf57afcf57abd7f8f3d5eaf73d5e9af5fe3cf57abd7e7abd5ee7abd35ee7ab75ebfc79ead4d7b9eaf4d7afcf57a6bdcf56e6bd7f8f3d5aaf73d5baf5fe3cf56a457afcf57abd7e7abd35ebfc79eaf4d7b9eaf4d7afcf57a6bdcf56e6bd7f8f3d5aaf73d5baf5fe3cf56abdcf56ebdcf57aba3622c751ec3cf56a6a24d87d1d40224815afe3cd456e6996a729e1153de2da4fd079e8af4d27aaba6f84545ecc05fda39ad35e9a4d55f47a826bed914dfb5ee39ed35e9a4cd5742e192fb0a1bf869cd68af6aa4cd5fa7c325f6c2adf7735a6b7aa93f53e9c24726d481bea079ad15ed54c73fa699989ff41bff00c0f3da2b7ae9a25f4c731ff9c7fd1eef3da2b7a85436f4c12f8e1c7fe41e6b4568aab8ff00b3049ff4cf3ff20f35ddd6b51ac8be98651ff38e23fe079beeeb61753e1f4c93023fdf7ffc9bcde8af6a14f34fe9ae65ef4205bfd5e7b456b553ed37a739106b4a17dbdb9bd15ed54a2a4e807976dd1a29fa473da6bdaa94b49d0fa78adbd90737a2b534a6a4e9261d0d8bc8bf4589e6f4d781a5252f4fb07a7b5f5b7b00e6e2bd34a0a7cb784d380160b91ede7a2bd34ef152d3422d1c2ab6f873715ea917f673d5aaf5fe3cf57abd7f8f3d5eaf5fe3cf57abd7e7abd5ebfc79eaf4d7afcf57a6bdcf56ebdcf57abd7e7ab535ebf3d5eaf5f9eaf57b9eadd7b9ead4d7afcf57abd7e7abd5ee7ab75ee7ab535ebf3d5e9af73d5b9af73d5eaf5f9ead57afcf56ebdcf57abdcf57abd7f8f3d5aaf73d5e9af73d5bac1b8fb79ead40aef71f6f3d5e815d6e3ede7abd02bdb8fb79eaf615edc7dbcf57b0af6e3ede7ab502bdb8fb79eade15dee3ede7abd02bdb8fb79eaf40aeb71f6f3d5e815dee3cf56a0575b8fb79eadc0aef71e7abd15d6e3cf57a057b71f6f3d5e815edc7dbcf57a057b71f6f3d5a815edc7dbcf56f0af6e3ede7abd8577b8fb79b9af40aeb71f6f355e815edc7dbcf57a0577b8fb79eaf40af6e3cf57a0575b8fb79eaf615dee3ede7abd02bdb8f3d5e8aeb71f6f3d5e815edc7dbcf57a0577b8fb79eaf4575b8fb79bad40aef71f6f355b815d6e3ede7abd02bdb8fb79eaf615dee3ede7abd02bdb8f3d5e8af6e3ede7abd02badc7dbcf57b0aef71e7abd15d6e3ede7abd02bbdc7dbcf57a057b71f6f3d5e815d6e3ede7abd857b71f6f3d5ac2bbdc7dbcf56e0575b8fb79eaf40aef71f6f3d5e815d6e3ede7abd857b71f6f3d5ec2bdb8fb79eaf40af6e3ede7ab5857b71f6f3d5b815dee3ede7abd02badc7dbcf57a057b71f6f3d5e815dee3ede7abd02bdb8fb79eaf40af6e3ede7ab502badc7dbcf56e0577b8f3d5a815edc7dbcf57a057b71f6f3d5b815edc7dbcf57a057b71f6f3d5a815edc7dbcf57a0575b8fb79eadc0af6e3ede7abd02bdb8fb79eaf457b71f6f3d5e815dee3ede7abd02bdb8f3d5a815d6e3ede7ab7857b71f6f3d5e815edc7dbcf57a057b71f6f3d5ec2bdb8fb79baf40aef71f6f355a8158770e5a2b515edc39e8af457b70e7a2bd15edc39e8af4577b873d15e8af6e1cf457a2badc39e8af457b70e7a2bd15edc39e8af457b70e7a2bd15edc39e8af457b70e7a2bd15edc39e8af457b70e7a2bd15edc39e8af457b70e7a2bd15edc39e8af457b70e7a2bd15edc39e8af457b70e7a2bd15edc39e8af457b70e7a2bd15edc39e8af457b70e7a2bd15edc39e8af457b70e7a2bd15edc39e8af457b70e7a2bd15edc39e8af457b70e7a2bd15edc39e8af457b70e7a2bd15eddcf457a2bdbb9e8af457b70e7a2bd15dee1cf457a2baddcf457a2bbdc39e8af4575b873d15e8af6e1cf457a2bdb873d15e8af6e1cf457a2bdb873d15e8aef70e7a2bd15d6e1cf457a2bdb873d15e8af6e1cf457a2bdb873d15e8af6e1cf457a2bbdc39e8af4575b873d15e8af6e1cf457a2bbdc39e8af4575b873d15e8af6e1cf457a2bdb873d15e8af6e1cf457a2bdb873d15e8af6e1cf457a2bdb873d15e8af6e1cf457a2bdb873d15e8af6e1cf457a2bdb873d15e8af6e1cf457a2bdb873d15e8af6e1cf457a2bdbb9e8af457b70e7a2bd15edc39e8af457b70e7a2bd15edc39e8af457b70e7a2bd15edc39e8af457b70e7a2bd15eddcf457a2bdb873d15e8ac5cbd6abdcf57a6bdcf56abdcf56ebdcf57abdcf56abdcf57abdcf56e6bdcf56abdcf56ebdcf57a6bdcf56abdcf57abdcf56ebdcf57abdcf56abdcf56e6bdcf57abdcf57abdcf56abdcf56e6bdcf57a6bdcf56abdcf56ebdcf57abdcf56abdcf56ebdcf57abdcf56abdcf56e6bdcf57a6bdcf57abdcf57abdcf57abdcf57abdcf57abdcf57abdcf57a6bdcf56abdcf56ebdcf57abdcf57abdcf57abdcf57abdcf57a6bdcf56abdcf56ebdcf56abdcf56e6bdcf56abdcf57abdcf56ebdcf56abdcf57abdcf56e6bdcf56abdcf56e6bdcf57abdcf57abdcf57a6bdcf57abdcf57abdcf57abdcf57abdcf56abdcf56ebdcf57abdcf56abdcf56ebdcf56abdcf57abdcf56ebdcf57a6bdcf56abdcf57abdcf57abdcf56ebdcf56abad79badd7b5e7abd5ee6abd5df3d5aaeb5e7ab75ee7abd5df3d5aaeb9eadd7b9eaf577cf56abaf0e7ab75df3d5aaebc79eadd77cf56abad79badd77cd56abdcf57abae7ab75ee7abd5df3d5aaf73d5eaf73d5eaeb5e7ab75df3d5aaf73d5eaeb5e6eb75df355aaeb9eadd77cf56abdcf57abae7ab75ed75e7abd5ed6fcdd7abdcd57abbe7ab55d78f3d5baf73d5eaf7f1e7abd5ed79baf577cd56abad79badd7b5e7abd5df355aaeb9eadd7b9eaf57b5d7f2e7abd5ed79eaf577cf56abdcf57abdcf57abad7fa79eadd77cf56abad79eadd7b9eaf57b5e6ebd5ed79aaf57b5e7abd5ee7abd5dff000e7ab55d0bf375baf6b7f87355eaf6bcdd7abdaf3d5eaf7355eaf73d5eaf73d5eaef9ead57b9eaf57b9eaf57b9eaf57b9eaf57b9eaf575cf56ebdcf57abdaf375eaf7355eaffd9);
INSERT INTO `D00161848_landmark`.`tag` (`tag_id`, `name`) VALUES ('99', 'mountains');
INSERT INTO `D00161848_landmark`.`tag_ad` (`tag_id`, `ad_id`) VALUES ('99', '20');
INSERT INTO `D00161848_landmark`.`local_ad` (`pinpoint_id`, `ad_id`) VALUES ('523452345', '20');

/* tour linked to tags */
INSERT INTO `D00161848_landmark`.`tour_tag` (`tour_id`, `tag_id`) VALUES ('1', '99');

/* ----------------------------------------------------------------------- */